"日期","最新","開市","高","低","成交量","更改%"
"2018年11月19日","56.69","57.31","57.55","56.59","-","-1.06%"
"2018年11月18日","57.30","57.00","57.36","56.93","-","1.49%"
"2018年11月16日","56.46","56.58","57.96","55.89","159.00K","0.00%"
"2018年11月15日","56.46","56.02","57.26","55.59","256.50K","0.37%"
"2018年11月14日","56.25","55.27","57.37","55.13","844.70K","1.01%"
"2018年11月13日","55.69","58.88","59.35","54.75","1.10M","-7.07%"
"2018年11月12日","59.93","60.70","61.28","58.68","806.22K","-0.43%"
"2018年11月9日","60.19","60.75","60.79","59.26","821.73K","-0.79%"
"2018年11月8日","60.67","61.64","62.42","60.40","764.55K","-1.62%"
"2018年11月7日","61.67","61.74","63.18","61.20","866.63K","-0.87%"
"2018年11月6日","62.21","62.70","63.32","61.31","761.24K","-1.41%"
"2018年11月5日","63.10","62.99","64.14","62.52","609.13K","-0.06%"
"2018年11月2日","63.14","63.50","63.95","62.63","708.91K","-0.86%"
"2018年11月1日","63.69","64.88","65.39","63.11","790.29K","-2.48%"
"2018年10月31日","65.31","66.32","67.00","64.81","666.49K","-1.31%"
"2018年10月30日","66.18","66.68","67.26","65.33","680.44K","-1.28%"
"2018年10月29日","67.04","67.55","67.95","66.29","477.49K","-0.81%"
"2018年10月26日","67.59","66.95","67.88","66.20","595.21K","0.39%"
"2018年10月25日","67.33","66.36","67.65","65.99","573.10K","0.76%"
"2018年10月24日","66.82","66.17","67.72","66.05","775.96K","0.59%"
"2018年10月23日","66.43","69.55","69.66","65.74","853.27K","-3.96%"
"2018年10月22日","69.17","69.41","69.65","68.27","27.42K","0.07%"
"2018年10月19日","69.12","68.68","69.77","68.56","108.31K","0.68%"
"2018年10月18日","68.65","70.03","70.03","68.47","215.34K","-1.58%"
"2018年10月17日","69.75","72.17","72.43","69.43","651.58K","-3.02%"
"2018年10月16日","71.92","71.72","72.29","71.02","535.00K","0.20%"
"2018年10月15日","71.78","71.85","72.70","70.85","568.61K","0.62%"
"2018年10月12日","71.34","70.99","72.01","70.64","626.67K","0.52%"
"2018年10月11日","70.97","72.68","72.76","70.51","783.96K","-3.01%"
"2018年10月10日","73.17","74.66","75.08","72.38","652.74K","-2.39%"
"2018年10月9日","74.96","74.21","75.28","74.00","623.54K","0.90%"
"2018年10月8日","74.29","74.40","74.58","73.07","554.94K","-0.07%"
"2018年10月5日","74.34","74.67","75.22","73.83","613.22K","0.01%"
"2018年10月4日","74.33","76.18","76.47","73.88","687.95K","-2.72%"
"2018年10月3日","76.41","75.12","76.90","74.30","698.82K","1.57%"
"2018年10月2日","75.23","75.42","75.91","74.93","463.62K","-0.09%"
"2018年10月1日","75.30","73.29","75.77","72.95","601.45K","2.80%"
"2018年9月28日","73.25","72.18","73.73","71.88","544.05K","1.57%"
"2018年9月27日","72.12","72.01","72.60","71.71","454.55K","0.77%"
"2018年9月26日","71.57","72.09","72.38","71.47","464.46K","-0.98%"
"2018年9月25日","72.28","72.25","72.78","71.89","551.28K","0.28%"
"2018年9月24日","72.08","71.14","72.74","71.14","576.89K","1.84%"
"2018年9月21日","70.78","70.20","71.80","69.98","855.94K","-0.03%"
"2018年9月20日","70.80","71.39","71.81","70.73","28.40K","-0.45%"
"2018年9月19日","71.12","69.71","71.50","69.65","125.21K","1.82%"
"2018年9月18日","69.85","68.80","70.42","68.53","234.20K","1.36%"
"2018年9月17日","68.91","68.93","69.72","68.53","422.29K","-0.12%"
"2018年9月14日","68.99","68.79","69.91","67.94","611.08K","0.58%"
"2018年9月13日","68.59","70.24","70.28","68.35","684.94K","-2.53%"
"2018年9月12日","70.37","69.89","71.26","69.50","800.54K","1.62%"
"2018年9月11日","69.25","67.53","70.01","67.48","676.87K","2.53%"
"2018年9月10日","67.54","67.82","68.52","67.33","571.17K","-0.31%"
"2018年9月7日","67.75","67.88","68.08","66.86","530.90K","-0.03%"
"2018年9月6日","67.77","68.64","69.02","67.00","633.82K","-1.38%"
"2018年9月5日","68.72","69.43","69.59","68.56","542.10K","-1.65%"
"2018年9月4日","69.87","69.89","71.40","69.08","785.98K","-0.36%"
"2018年9月3日","70.12","69.91","70.20","69.54","-","0.29%"
"2018年9月2日","69.92","69.91","69.99","69.88","-","0.17%"
"2018年8月31日","69.80","70.06","70.36","69.64","419.74K","-0.64%"
"2018年8月30日","70.25","69.71","70.50","69.55","445.58K","1.06%"
"2018年8月29日","69.51","68.54","69.76","68.37","497.10K","1.43%"
"2018年8月28日","68.53","68.93","69.20","68.21","426.83K","-0.49%"
"2018年8月27日","68.87","68.57","68.97","68.34","332.61K","0.22%"
"2018年8月24日","68.72","67.90","69.31","67.78","517.80K","1.31%"
"2018年8月23日","67.83","68.07","68.12","67.32","450.69K","-0.04%"
"2018年8月22日","67.86","66.08","68.15","65.98","581.90K","0.76%"
"2018年8月21日","67.35","66.62","68.10","66.52","27.15K","1.38%"
"2018年8月20日","66.43","65.91","66.68","65.59","112.71K","0.79%"
"2018年8月17日","65.91","65.47","66.39","65.30","171.40K","0.69%"
"2018年8月16日","65.46","64.95","65.52","64.43","383.38K","0.69%"
"2018年8月15日","65.01","66.62","66.90","64.51","573.47K","-3.03%"
"2018年8月14日","67.04","67.42","68.37","66.58","538.48K","-0.24%"
"2018年8月13日","67.20","67.78","67.95","65.71","578.22K","-0.64%"
"2018年8月10日","67.63","66.74","67.87","66.14","524.49K","1.23%"
"2018年8月9日","66.81","66.79","67.41","66.49","509.40K","-0.19%"
"2018年8月8日","66.94","69.09","69.37","66.32","760.31K","-3.22%"
"2018年8月7日","69.17","68.90","69.83","68.81","485.03K","0.23%"
"2018年8月6日","69.01","68.65","69.92","68.50","495.61K","0.76%"
"2018年8月3日","68.49","68.99","69.24","67.87","476.62K","-0.68%"
"2018年8月2日","68.96","67.86","69.36","66.92","531.07K","1.92%"
"2018年8月1日","67.66","68.43","68.52","67.31","576.56K","-1.60%"
"2018年7月31日","68.76","70.05","70.22","67.98","519.07K","-1.95%"
"2018年7月30日","70.13","69.01","70.43","68.80","463.01K","2.10%"
"2018年7月27日","68.69","69.58","69.77","68.26","460.45K","-1.32%"
"2018年7月26日","69.61","69.38","69.92","68.92","489.06K","0.45%"
"2018年7月25日","69.30","68.77","69.70","68.20","622.91K","1.14%"
"2018年7月24日","68.52","67.80","69.05","67.56","524.59K","0.93%"
"2018年7月23日","67.89","68.17","69.31","67.60","555.92K","-3.65%"
"2018年7月20日","70.46","69.39","71.10","69.37","25.56K","1.44%"
"2018年7月19日","69.46","69.00","70.17","67.80","103.22K","1.02%"
"2018年7月18日","68.76","67.61","69.06","67.04","187.31K","1.00%"
"2018年7月17日","68.08","68.03","68.44","67.03","440.73K","0.03%"
"2018年7月16日","68.06","70.52","70.87","67.58","530.48K","-4.15%"
"2018年7月13日","71.01","70.38","71.66","69.84","530.28K","0.97%"
"2018年7月12日","70.33","70.60","71.24","69.23","707.89K","-0.07%"
"2018年7月11日","70.38","74.20","74.26","70.02","861.73K","-5.03%"
"2018年7月10日","74.11","74.04","74.70","73.65","586.83K","0.35%"
"2018年7月9日","73.85","73.87","74.28","72.99","533.00K","0.07%"
"2018年7月6日","73.80","73.16","74.01","72.14","611.42K","1.18%"
"2018年7月5日","72.94","74.23","74.90","72.53","841.63K","-1.61%"
"2018年7月4日","74.13","74.62","74.76","73.52","-","-0.01%"
"2018年7月3日","74.14","74.08","75.27","72.73","667.24K","0.27%"
"2018年7月2日","73.94","73.62","74.35","72.51","652.17K","-0.28%"
"2018年6月29日","74.15","73.33","74.46","72.93","602.40K","0.95%"
"2018年6月28日","73.45","72.27","74.03","72.20","717.35K","0.95%"
"2018年6月27日","72.76","70.68","73.06","70.56","775.16K","3.16%"
"2018年6月26日","70.53","68.21","70.91","67.72","848.54K","3.60%"
"2018年6月25日","68.08","68.75","69.44","67.78","816.21K","-0.73%"
"2018年6月22日","68.58","65.93","69.38","65.71","1.14M","4.64%"
"2018年6月21日","65.54","65.34","66.22","64.34","760.72K","-1.03%"
"2018年6月20日","66.22","65.11","66.53","65.01","30.65K","1.77%"
"2018年6月19日","65.07","65.82","65.90","64.39","122.65K","-1.18%"
"2018年6月18日","65.85","64.40","65.98","63.59","218.93K","1.21%"
"2018年6月15日","65.06","67.00","67.09","64.29","512.59K","-2.74%"
"2018年6月14日","66.89","66.62","67.16","66.36","460.17K","0.38%"
"2018年6月13日","66.64","66.01","66.89","65.52","626.40K","0.42%"
"2018年6月12日","66.36","66.05","66.70","65.87","524.41K","0.39%"
"2018年6月11日","66.10","65.56","66.35","64.85","558.28K","0.55%"
"2018年6月8日","65.74","65.98","66.24","65.15","571.22K","-0.32%"
"2018年6月7日","65.95","65.07","66.07","64.81","675.04K","1.88%"
"2018年6月6日","64.73","65.51","65.96","64.27","708.83K","-1.21%"
"2018年6月5日","65.52","64.94","65.57","64.22","714.67K","1.19%"
"2018年6月4日","64.75","65.71","66.04","64.57","696.05K","-1.61%"
"2018年6月1日","65.81","67.07","67.34","65.51","781.10K","-1.83%"
"2018年5月31日","67.04","68.24","68.30","66.56","917.56K","-1.72%"
"2018年5月30日","68.21","66.85","68.67","66.35","726.89K","2.22%"
"2018年5月29日","66.73","67.55","67.55","65.80","1.06M","-0.48%"
"2018年5月28日","67.05","67.39","67.41","65.81","-","-0.46%"
"2018年5月27日","67.36","67.44","67.48","67.02","-","-0.77%"
"2018年5月25日","67.88","70.65","70.80","67.42","955.35K","-4.00%"
"2018年5月24日","70.71","71.83","72.00","70.52","640.73K","-1.57%"
"2018年5月23日","71.84","72.11","72.26","71.19","702.79K","-0.40%"
"2018年5月22日","72.13","72.53","72.83","71.90","31.97K","-0.15%"
"2018年5月21日","72.24","71.47","72.59","71.25","119.89K","1.35%"
"2018年5月18日","71.28","71.60","71.75","70.99","211.79K","-0.29%"
"2018年5月17日","71.49","71.56","72.30","71.09","562.64K","0.00%"
"2018年5月16日","71.49","71.02","71.59","70.66","574.28K","0.25%"
"2018年5月15日","71.31","71.15","71.92","70.42","815.29K","0.49%"
"2018年5月14日","70.96","70.54","71.26","70.26","592.83K","0.37%"
"2018年5月11日","70.70","71.45","71.63","70.45","634.15K","-0.92%"
"2018年5月10日","71.36","71.23","71.89","70.56","749.81K","0.31%"
"2018年5月9日","71.14","70.05","71.36","69.85","863.39K","3.01%"
"2018年5月8日","69.06","70.03","70.40","67.63","1.25M","-2.36%"
"2018年5月7日","70.73","69.85","70.84","69.51","758.92K","1.45%"
"2018年5月4日","69.72","68.50","69.97","68.12","690.88K","1.89%"
"2018年5月3日","68.43","67.68","68.60","67.21","691.22K","0.74%"
"2018年5月2日","67.93","67.49","68.14","66.92","789.37K","1.01%"
"2018年5月1日","67.25","68.56","68.90","66.85","694.77K","-1.93%"
"2018年4月30日","68.57","68.15","69.34","67.17","755.19K","0.69%"
"2018年4月27日","68.10","68.21","68.36","67.64","542.55K","-0.13%"
"2018年4月26日","68.19","68.03","68.78","67.71","660.55K","0.21%"
"2018年4月25日","68.05","67.75","68.18","67.11","764.05K","0.52%"
"2018年4月24日","67.70","68.95","69.38","67.54","832.30K","-1.37%"
"2018年4月23日","68.64","68.22","69.03","67.14","740.94K","0.38%"
"2018年4月20日","68.38","68.26","68.62","67.50","32.95K","0.13%"
"2018年4月19日","68.29","68.75","69.56","67.98","125.99K","-0.26%"
"2018年4月18日","68.47","66.68","68.91","66.56","221.66K","2.93%"
"2018年4月17日","66.52","66.42","66.75","65.56","486.08K","0.45%"
"2018年4月16日","66.22","67.24","67.74","66.13","560.08K","-1.74%"
"2018年4月13日","67.39","67.18","67.76","66.70","624.20K","0.48%"
"2018年4月12日","67.07","66.75","67.33","66.00","687.47K","0.37%"
"2018年4月11日","66.82","65.59","67.45","65.15","963.02K","2.00%"
"2018年4月10日","65.51","63.30","65.86","63.20","840.28K","3.30%"
"2018年4月9日","63.42","62.00","63.61","61.93","655.83K","2.19%"
"2018年4月6日","62.06","63.70","63.79","61.81","753.26K","-2.33%"
"2018年4月5日","63.54","63.60","64.12","63.07","588.60K","0.27%"
"2018年4月4日","63.37","63.59","63.64","62.06","760.60K","-0.22%"
"2018年4月3日","63.51","62.89","63.86","62.86","527.29K","0.79%"
"2018年4月2日","63.01","64.91","65.42","62.80","582.74K","-2.97%"
"2018年3月29日","64.94","64.69","65.26","64.16","562.82K","0.87%"
"2018年3月28日","64.38","64.70","65.13","63.72","697.68K","-1.33%"
"2018年3月27日","65.25","65.53","66.41","64.53","670.81K","-0.46%"
"2018年3月26日","65.55","65.90","66.55","65.08","585.90K","-0.50%"
"2018年3月23日","65.88","64.28","66.00","64.11","752.99K","2.46%"
"2018年3月22日","64.30","65.50","65.74","64.14","689.17K","-1.33%"
"2018年3月21日","65.17","63.72","65.55","63.58","763.77K","2.79%"
"2018年3月20日","63.40","62.10","63.81","62.08","36.06K","2.16%"
"2018年3月19日","62.06","62.23","62.35","61.36","115.96K","-0.45%"
"2018年3月16日","62.34","61.19","62.54","61.08","202.49K","1.88%"
"2018年3月15日","61.19","60.95","61.54","60.82","430.20K","0.38%"
"2018年3月14日","60.96","60.87","61.33","60.11","665.02K","0.41%"
"2018年3月13日","60.71","61.37","61.97","60.27","747.74K","-1.06%"
"2018年3月12日","61.36","62.10","62.33","60.67","537.99K","-1.10%"
"2018年3月9日","62.04","60.27","62.18","60.14","659.72K","3.19%"
"2018年3月8日","60.12","61.33","61.40","59.95","720.51K","-1.68%"
"2018年3月7日","61.15","62.30","62.58","60.58","879.12K","-2.32%"
"2018年3月6日","62.60","62.58","63.28","62.17","634.95K","0.05%"
"2018年3月5日","62.57","61.55","62.79","61.10","599.27K","2.16%"
"2018年3月2日","61.25","61.34","61.60","60.13","613.51K","0.43%"
"2018年3月1日","60.99","61.55","61.83","60.18","812.51K","-1.05%"
"2018年2月28日","61.64","62.79","63.44","61.36","768.41K","-2.17%"
"2018年2月27日","63.01","64.06","64.08","62.64","562.67K","-1.41%"
"2018年2月26日","63.91","63.60","64.24","63.06","469.85K","0.57%"
"2018年2月23日","63.55","62.60","63.73","62.33","460.60K","1.24%"
"2018年2月22日","62.77","61.34","63.09","60.75","592.60K","1.77%"
"2018年2月21日","61.68","61.63","61.86","60.92","466.92K","-0.36%"
"2018年2月20日","61.90","61.63","62.74","61.58","50.21K","-0.77%"
"2018年2月19日","62.38","61.71","62.49","61.67","-","1.07%"
"2018年2月18日","61.72","61.51","61.74","61.51","-","0.06%"
"2018年2月16日","61.68","61.45","61.99","60.88","181.18K","0.55%"
"2018年2月15日","61.34","60.71","61.64","59.72","340.40K","1.22%"
"2018年2月14日","60.60","58.98","60.90","58.20","650.32K","2.38%"
"2018年2月13日","59.19","59.35","59.73","58.39","580.60K","-0.17%"
"2018年2月12日","59.29","59.12","60.83","59.10","736.92K","0.15%"
"2018年2月9日","59.20","60.43","60.77","58.07","933.31K","-3.19%"
"2018年2月8日","61.15","61.70","62.09","60.27","929.58K","-1.04%"
"2018年2月7日","61.79","63.92","64.18","61.25","1.03M","-2.52%"
"2018年2月6日","63.39","63.43","64.29","63.12","797.81K","-1.18%"
"2018年2月5日","64.15","65.10","65.40","63.42","891.06K","-1.99%"
"2018年2月2日","65.45","65.99","66.30","64.47","857.57K","-0.53%"
"2018年2月1日","65.80","64.76","66.25","64.63","685.75K","1.65%"
"2018年1月31日","64.73","64.03","64.94","63.67","613.26K","0.36%"
"2018年1月30日","64.50","65.53","65.56","63.89","688.38K","-1.62%"
"2018年1月29日","65.56","66.18","66.46","64.98","656.17K","-0.88%"
"2018年1月26日","66.14","65.25","66.35","64.91","678.19K","0.96%"
"2018年1月25日","65.51","65.88","66.66","65.08","771.76K","-0.15%"
"2018年1月24日","65.61","64.42","66.05","64.34","887.02K","1.77%"
"2018年1月23日","64.47","63.88","64.88","63.70","662.46K","1.54%"
"2018年1月22日","63.49","63.61","64.14","63.17","40.06K","0.19%"
"2018年1月19日","63.37","63.74","63.77","62.85","142.71K","-0.91%"
"2018年1月18日","63.95","64.07","64.35","63.47","204.50K","-0.03%"
"2018年1月17日","63.97","63.89","64.17","63.31","444.38K","0.38%"
"2018年1月16日","63.73","64.43","64.89","63.39","867.77K","-1.54%"
"2018年1月15日","64.73","64.28","64.89","64.11","-","0.70%"
"2018年1月14日","64.28","64.42","64.44","64.19","-","-0.03%"
"2018年1月12日","64.30","63.57","64.50","63.06","678.73K","0.78%"
"2018年1月11日","63.80","63.50","64.77","63.43","876.64K","0.36%"
"2018年1月10日","63.57","63.41","63.67","63.09","697.84K","0.97%"
"2018年1月9日","62.96","61.92","63.48","61.80","844.72K","1.99%"
"2018年1月8日","61.73","61.61","61.97","61.34","616.47K","0.47%"
"2018年1月5日","61.44","61.90","62.04","61.09","563.04K","-0.92%"
"2018年1月4日","62.01","61.96","62.21","61.59","654.36K","0.62%"
"2018年1月3日","61.63","60.39","61.97","60.28","673.86K","2.09%"
"2018年1月2日","60.37","60.20","60.74","60.10","510.31K","0.22%"
"2018年1月1日","60.24","60.26","60.28","60.15","-","-0.30%"
"2017年12月29日","60.42","59.91","60.51","59.82","464.48K","0.97%"
"2017年12月28日","59.84","59.53","59.94","59.44","345.96K","0.34%"
"2017年12月27日","59.64","59.79","59.93","59.33","402.40K","-0.55%"
"2017年12月26日","59.97","58.40","60.01","58.32","437.79K","2.36%"
"2017年12月25日","58.59","58.41","58.62","58.38","-","0.21%"
"2017年12月22日","58.47","58.21","58.50","57.87","324.55K","0.19%"
"2017年12月21日","58.36","58.02","58.38","57.63","405.32K","0.46%"
"2017年12月20日","58.09","57.66","58.12","57.44","420.84K","1.10%"
"2017年12月19日","57.46","57.30","57.64","57.16","36.29K","0.52%"
"2017年12月18日","57.16","57.37","57.78","56.82","137.15K","-0.24%"
"2017年12月15日","57.30","57.15","57.49","56.94","210.05K","0.46%"
"2017年12月14日","57.04","56.70","57.22","56.09","580.57K","0.78%"
"2017年12月13日","56.60","57.45","57.83","56.55","658.14K","-0.95%"
"2017年12月12日","57.14","58.02","58.56","56.85","826.49K","-1.47%"
"2017年12月11日","57.99","57.25","58.08","56.91","606.72K","1.10%"
"2017年12月8日","57.36","56.65","57.79","56.54","681.60K","1.18%"
"2017年12月7日","56.69","56.00","56.78","55.82","557.33K","1.30%"
"2017年12月6日","55.96","57.45","57.57","55.87","678.99K","-2.88%"
"2017年12月5日","57.62","57.48","57.92","57.08","499.25K","0.26%"
"2017年12月4日","57.47","58.32","58.34","57.35","529.97K","-1.53%"
"2017年12月1日","58.36","57.42","58.88","57.29","685.22K","1.67%"
"2017年11月30日","57.40","57.41","57.98","56.82","735.13K","0.17%"
"2017年11月29日","57.30","57.73","58.30","56.75","741.56K","-1.19%"
"2017年11月28日","57.99","57.86","58.11","57.42","546.53K","-0.21%"
"2017年11月27日","58.11","58.95","58.99","57.55","690.08K","-1.42%"
"2017年11月24日","58.95","58.05","59.05","57.75","577.83K","0.98%"
"2017年11月23日","58.38","57.97","58.58","57.76","-","0.62%"
"2017年11月22日","58.02","57.12","58.15","57.03","837.41K","2.09%"
"2017年11月21日","56.83","56.38","57.22","56.32","619.07K","1.32%"
"2017年11月20日","56.09","56.69","56.76","55.57","37.70K","-0.81%"
"2017年11月17日","56.55","55.25","56.68","55.18","184.94K","2.56%"
"2017年11月16日","55.14","55.30","55.62","54.93","213.92K","-0.34%"
"2017年11月15日","55.33","55.06","55.56","54.88","501.39K","-0.66%"
"2017年11月14日","55.70","56.72","56.77","54.81","707.34K","-1.87%"
"2017年11月13日","56.76","56.90","57.15","56.30","631.62K","0.04%"
"2017年11月10日","56.74","57.02","57.35","56.55","541.30K","-0.75%"
"2017年11月9日","57.17","56.85","57.53","56.69","666.95K","0.63%"
"2017年11月8日","56.81","56.96","57.92","56.41","919.15K","-0.68%"
"2017年11月7日","57.20","57.27","57.69","56.83","750.19K","-0.26%"
"2017年11月6日","57.35","55.97","57.61","55.66","861.71K","3.07%"
"2017年11月3日","55.64","54.73","55.76","54.40","614.16K","2.02%"
"2017年11月2日","54.54","54.28","54.84","53.99","482.85K","0.44%"
"2017年11月1日","54.30","54.65","55.22","53.89","671.04K","-0.15%"
"2017年10月31日","54.38","54.08","54.85","53.93","497.30K","0.42%"
"2017年10月30日","54.15","54.16","54.46","53.75","565.04K","0.46%"
"2017年10月27日","53.90","52.80","54.20","52.25","730.92K","2.39%"
"2017年10月26日","52.64","52.19","52.86","51.91","594.65K","0.88%"
"2017年10月25日","52.18","52.56","52.57","51.89","681.74K","-0.55%"
"2017年10月24日","52.47","51.89","52.62","51.55","709.55K","1.10%"
"2017年10月23日","51.90","52.07","52.30","51.68","583.56K","0.84%"
"2017年10月20日","51.47","51.42","51.73","50.70","32.96K","0.35%"
"2017年10月19日","51.29","52.05","52.17","51.07","127.41K","-1.44%"
"2017年10月18日","52.04","51.94","52.33","51.69","152.62K","0.31%"
"2017年10月17日","51.88","51.93","52.25","51.21","471.61K","0.02%"
"2017年10月16日","51.87","51.43","52.37","51.35","520.73K","0.82%"
"2017年10月13日","51.45","50.73","51.72","50.70","667.50K","1.68%"
"2017年10月12日","50.60","51.00","51.13","50.15","729.27K","-1.36%"
"2017年10月11日","51.30","50.94","51.42","50.61","651.95K","0.75%"
"2017年10月10日","50.92","49.55","51.06","49.54","664.84K","2.70%"
"2017年10月9日","49.58","49.25","49.79","49.13","505.08K","0.59%"
"2017年10月6日","49.29","50.75","50.82","49.10","743.11K","-2.95%"
"2017年10月5日","50.79","49.88","51.22","49.85","654.39K","1.62%"
"2017年10月4日","49.98","50.16","50.67","49.76","598.84K","-0.87%"
"2017年10月3日","50.42","50.59","50.73","50.14","462.74K","-0.32%"
"2017年10月2日","50.58","51.64","51.71","50.07","600.93K","-2.11%"
"2017年9月29日","51.67","51.58","51.77","51.25","551.98K","0.21%"
"2017年9月28日","51.56","52.05","52.86","51.22","801.82K","-1.11%"
"2017年9月27日","52.14","52.09","52.34","51.63","637.04K","0.50%"
"2017年9月26日","51.88","52.12","52.43","51.43","709.52K","-0.65%"
"2017年9月25日","52.22","50.68","52.28","50.39","701.24K","3.08%"
"2017年9月22日","50.66","50.73","50.78","50.29","473.80K","0.22%"
"2017年9月21日","50.55","50.72","50.81","50.07","580.57K","0.28%"
"2017年9月20日","50.41","49.84","50.65","49.75","35.49K","1.88%"
"2017年9月19日","49.48","49.91","50.42","49.33","143.38K","-0.86%"
"2017年9月18日","49.91","49.85","50.33","49.19","189.61K","0.04%"
"2017年9月15日","49.89","49.72","50.13","49.41","433.60K","0.00%"
"2017年9月14日","49.89","49.31","50.50","49.15","709.04K","1.20%"
"2017年9月13日","49.30","48.34","49.40","48.12","706.93K","2.22%"
"2017年9月12日","48.23","48.12","48.44","47.73","676.04K","0.33%"
"2017年9月11日","48.07","47.58","48.27","47.00","774.47K","1.24%"
"2017年9月8日","47.48","49.09","49.26","47.27","843.76K","-3.28%"
"2017年9月7日","49.09","49.14","49.33","48.63","702.51K","-0.14%"
"2017年9月6日","49.16","48.59","49.42","48.52","788.96K","1.03%"
"2017年9月5日","48.66","47.28","48.98","47.15","1.03M","2.64%"
"2017年9月4日","47.41","47.31","47.66","47.16","-","0.19%"
"2017年9月3日","47.32","47.31","47.42","47.30","-","0.06%"
"2017年9月1日","47.29","47.08","47.35","46.56","742.81K","0.13%"
"2017年8月31日","47.23","45.95","47.47","45.58","915.71K","2.76%"
"2017年8月30日","45.96","46.31","46.72","45.84","882.98K","-1.03%"
"2017年8月29日","46.44","46.86","46.96","45.76","895.64K","-0.28%"
"2017年8月28日","46.57","47.89","48.20","46.15","921.29K","-2.72%"
"2017年8月25日","47.87","47.62","47.91","47.39","646.52K","0.93%"
"2017年8月24日","47.43","48.36","48.43","47.06","831.36K","-2.02%"
"2017年8月23日","48.41","47.64","48.50","47.53","701.69K","1.62%"
"2017年8月22日","47.64","47.45","48.03","47.20","38.40K","0.57%"
"2017年8月21日","47.37","48.72","48.75","47.03","129.19K","-2.35%"
"2017年8月18日","48.51","46.93","48.74","46.78","253.07K","3.02%"
"2017年8月17日","47.09","46.80","47.19","46.46","608.31K","0.66%"
"2017年8月16日","46.78","47.72","47.99","46.67","815.54K","-1.62%"
"2017年8月15日","47.55","47.49","47.90","47.02","770.36K","-0.08%"
"2017年8月14日","47.59","48.79","49.16","47.43","763.24K","-2.52%"
"2017年8月11日","48.82","48.52","48.98","47.98","804.24K","0.47%"
"2017年8月10日","48.59","49.68","50.22","48.35","1.14M","-1.96%"
"2017年8月9日","49.56","49.00","49.72","48.90","858.25K","0.79%"
"2017年8月8日","49.17","49.31","49.79","48.86","924.24K","-0.45%"
"2017年8月7日","49.39","49.59","49.73","48.54","831.37K","-0.38%"
"2017年8月4日","49.58","48.95","49.64","48.50","745.66K","1.12%"
"2017年8月3日","49.03","49.59","49.96","48.78","837.76K","-1.13%"
"2017年8月2日","49.59","48.80","49.65","48.55","847.72K","0.87%"
"2017年8月1日","49.16","50.21","50.43","48.37","1.01M","-2.01%"
"2017年7月31日","50.17","49.85","50.41","49.18","781.54K","0.93%"
"2017年7月28日","49.71","49.17","49.81","48.86","771.23K","1.37%"
"2017年7月27日","49.04","48.70","49.24","48.25","880.76K","0.59%"
"2017年7月26日","48.75","48.51","48.87","47.86","887.86K","1.80%"
"2017年7月25日","47.89","46.46","48.66","46.38","885.70K","3.34%"
"2017年7月24日","46.34","45.62","46.53","45.40","707.91K","1.25%"
"2017年7月21日","45.77","46.91","47.21","45.54","769.44K","-2.18%"
"2017年7月20日","46.79","47.09","47.55","46.66","23.24K","-0.70%"
"2017年7月19日","47.12","46.25","47.26","46.14","140.68K","1.55%"
"2017年7月18日","46.40","45.99","46.92","45.81","208.42K","0.83%"
"2017年7月17日","46.02","46.68","46.88","45.89","560.63K","-1.12%"
"2017年7月14日","46.54","46.08","46.74","45.80","742.90K","1.00%"
"2017年7月13日","46.08","45.44","46.28","44.99","748.97K","1.30%"
"2017年7月12日","45.49","45.74","46.48","45.11","963.51K","1.00%"
"2017年7月11日","45.04","44.58","45.81","43.83","1.01M","1.44%"
"2017年7月10日","44.40","44.35","44.84","43.65","848.57K","0.38%"
"2017年7月7日","44.23","45.35","45.42","43.78","975.91K","-2.83%"
"2017年7月6日","45.52","45.65","46.53","45.18","969.68K","0.86%"
"2017年7月5日","45.13","47.04","47.32","44.51","1.17M","-4.24%"
"2017年7月4日","47.13","47.06","47.31","46.74","-","0.13%"
"2017年7月3日","47.07","46.28","47.10","45.92","517.62K","2.24%"
"2017年6月30日","46.04","44.89","46.35","44.88","677.41K","2.47%"
"2017年6月29日","44.93","44.89","45.45","44.65","768.95K","0.42%"
"2017年6月28日","44.74","43.70","44.90","43.67","753.38K","1.13%"
"2017年6月27日","44.24","43.49","44.44","43.32","759.12K","1.98%"
"2017年6月26日","43.38","43.16","43.65","42.63","661.35K","0.86%"
"2017年6月23日","43.01","42.80","43.20","42.53","690.91K","0.63%"
"2017年6月22日","42.74","42.55","43.32","42.26","668.83K","0.49%"
"2017年6月21日","42.53","43.38","44.20","42.05","1.07M","-1.62%"
"2017年6月20日","43.23","44.11","44.40","42.75","29.57K","-2.19%"
"2017年6月19日","44.20","44.68","45.06","44.05","123.94K","-1.21%"
"2017年6月16日","44.74","44.25","44.94","44.24","191.82K","0.63%"
"2017年6月15日","44.46","44.69","44.81","44.22","500.94K","-0.60%"
"2017年6月14日","44.73","45.94","46.49","44.54","924.41K","-3.72%"
"2017年6月13日","46.46","46.01","46.57","45.56","783.32K","0.82%"
"2017年6月12日","46.08","45.80","46.71","45.66","666.77K","0.55%"
"2017年6月9日","45.83","45.71","46.18","45.27","735.93K","0.42%"
"2017年6月8日","45.64","45.85","46.18","45.20","927.70K","-0.17%"
"2017年6月7日","45.72","47.98","48.23","45.65","1.18M","-5.13%"
"2017年6月6日","48.19","47.40","48.40","46.94","825.06K","1.67%"
"2017年6月5日","47.40","47.71","48.42","46.86","710.20K","-0.55%"
"2017年6月2日","47.66","48.04","48.19","46.74","802.66K","-1.45%"
"2017年6月1日","48.36","48.63","49.17","47.90","774.48K","0.08%"
"2017年5月31日","48.32","49.65","49.71","47.73","779.14K","-2.70%"
"2017年5月30日","49.66","49.93","50.28","49.03","663.49K","-0.62%"
"2017年5月29日","49.97","49.95","50.29","49.52","-","0.06%"
"2017年5月28日","49.94","49.93","50.04","49.85","-","0.28%"
"2017年5月26日","49.80","48.75","49.94","48.18","763.92K","1.84%"
"2017年5月25日","48.90","51.25","52.00","48.45","1.15M","-4.79%"
"2017年5月24日","51.36","51.44","51.88","51.03","736.34K","-0.21%"
"2017年5月23日","51.47","51.04","51.79","50.57","584.14K","1.46%"
"2017年5月22日","50.73","50.60","51.06","50.44","30.01K","0.79%"
"2017年5月19日","50.33","49.28","50.53","49.28","146.45K","1.99%"
"2017年5月18日","49.35","48.93","49.60","48.05","242.75K","0.57%"
"2017年5月17日","49.07","48.23","49.50","48.03","650.11K","0.84%"
"2017年5月16日","48.66","48.82","49.38","48.17","589.21K","-0.39%"
"2017年5月15日","48.85","47.85","49.66","47.75","687.15K","2.11%"
"2017年5月12日","47.84","47.81","48.07","47.35","537.49K","0.02%"
"2017年5月11日","47.83","47.39","48.22","47.34","661.78K","1.06%"
"2017年5月10日","47.33","46.18","47.78","46.01","819.80K","3.16%"
"2017年5月9日","45.88","46.49","46.78","45.53","701.94K","-1.18%"
"2017年5月8日","46.43","46.35","46.98","45.73","785.06K","0.45%"
"2017年5月5日","46.22","45.51","46.68","43.76","1.02M","1.54%"
"2017年5月4日","45.52","47.60","47.75","45.29","943.96K","-4.81%"
"2017年5月3日","47.82","48.12","48.23","47.30","691.32K","0.34%"
"2017年5月2日","47.66","48.78","49.28","47.35","702.38K","-2.42%"
"2017年5月1日","48.84","49.17","49.32","48.59","364.39K","-0.99%"
"2017年4月28日","49.33","49.27","49.76","48.80","633.99K","0.74%"
"2017年4月27日","48.97","49.22","49.43","48.20","771.19K","-1.31%"
"2017年4月26日","49.62","49.36","50.20","48.94","655.72K","0.12%"
"2017年4月25日","49.56","49.22","49.83","48.87","587.24K","0.67%"
"2017年4月24日","49.23","49.68","50.22","49.03","517.90K","-0.79%"
"2017年4月21日","49.62","50.71","50.93","49.20","687.47K","-1.29%"
"2017年4月20日","50.27","50.63","50.97","50.18","33.75K","-0.34%"
"2017年4月19日","50.44","52.36","52.65","50.09","133.17K","-3.76%"
"2017年4月18日","52.41","52.75","52.85","52.10","202.04K","-0.46%"
"2017年4月17日","52.65","52.97","53.21","52.55","326.34K","-1.00%"
"2017年4月13日","53.18","52.85","53.39","52.82","480.84K","0.13%"
"2017年4月12日","53.11","53.40","53.76","52.71","629.81K","-0.54%"
"2017年4月11日","53.40","53.13","53.45","52.70","598.00K","0.60%"
"2017年4月10日","53.08","52.31","53.18","52.29","565.44K","1.61%"
"2017年4月7日","52.24","51.70","52.94","51.49","796.44K","1.04%"
"2017年4月6日","51.70","50.80","51.82","50.77","473.02K","1.08%"
"2017年4月5日","51.15","51.18","51.88","50.74","651.40K","0.24%"
"2017年4月4日","51.03","50.24","51.30","49.88","532.05K","1.57%"
"2017年4月3日","50.24","50.69","50.83","50.12","440.72K","-0.71%"
"2017年3月31日","50.60","50.32","50.85","49.90","527.61K","0.50%"
"2017年3月30日","50.35","49.60","50.47","49.27","580.67K","1.70%"
"2017年3月29日","49.51","48.47","49.63","48.38","548.62K","2.36%"
"2017年3月28日","48.37","47.89","48.74","47.80","502.38K","1.34%"
"2017年3月27日","47.73","48.12","48.28","47.08","466.18K","-0.50%"
"2017年3月24日","47.97","47.67","48.20","47.54","421.03K","0.57%"
"2017年3月23日","47.70","48.15","48.48","47.58","499.88K","-0.71%"
"2017年3月22日","48.04","48.16","48.32","47.01","680.85K","1.48%"
"2017年3月21日","47.34","47.93","48.73","47.23","28.08K","-1.82%"
"2017年3月20日","48.22","48.70","48.74","47.84","142.26K","-1.15%"
"2017年3月17日","48.78","48.79","49.20","48.60","172.34K","0.06%"
"2017年3月16日","48.75","49.01","49.62","48.45","516.85K","-0.23%"
"2017年3月15日","48.86","48.76","49.04","48.16","655.79K","2.39%"
"2017年3月14日","47.72","48.45","48.79","47.09","857.71K","-1.40%"
"2017年3月13日","48.40","48.45","48.68","47.90","601.36K","-0.19%"
"2017年3月10日","48.49","49.61","50.11","48.31","796.96K","-1.60%"
"2017年3月9日","49.28","50.22","50.84","48.59","1.07M","-1.99%"
"2017年3月8日","50.28","52.79","52.92","50.05","963.39K","-5.38%"
"2017年3月7日","53.14","53.17","53.80","52.71","494.68K","-0.11%"
"2017年3月6日","53.20","53.19","53.56","52.76","503.69K","-0.24%"
"2017年3月3日","53.33","52.58","53.39","52.55","436.36K","1.37%"
"2017年3月2日","52.61","53.69","53.80","52.54","638.39K","-2.27%"
"2017年3月1日","53.83","53.95","54.44","53.63","491.29K","-0.33%"
"2017年2月28日","54.01","54.04","54.23","53.18","593.91K","-0.07%"
"2017年2月27日","54.05","54.02","54.61","53.94","394.38K","0.11%"
"2017年2月24日","53.99","54.33","54.51","53.76","395.26K","-0.84%"
"2017年2月23日","54.45","53.91","54.94","53.87","529.88K","1.60%"
"2017年2月22日","53.59","54.26","54.60","53.35","499.48K","-0.87%"
"2017年2月21日","54.06","53.48","54.68","53.35","44.05K","0.17%"
"2017年2月20日","53.97","53.78","54.24","53.73","-","0.33%"
"2017年2月19日","53.79","53.86","53.96","53.78","-","0.73%"
"2017年2月17日","53.40","53.47","53.52","52.88","195.35K","0.07%"
"2017年2月16日","53.36","53.01","53.59","52.68","343.36K","0.47%"
"2017年2月15日","53.11","53.00","53.51","52.73","463.64K","-0.17%"
"2017年2月14日","53.20","52.91","53.72","52.86","493.02K","0.51%"
"2017年2月13日","52.93","53.80","53.95","52.77","586.03K","-1.73%"
"2017年2月10日","53.86","53.15","54.13","52.90","596.45K","1.62%"
"2017年2月9日","53.00","52.37","53.21","52.37","610.20K","1.26%"
"2017年2月8日","52.34","51.64","52.67","51.22","767.38K","0.33%"
"2017年2月7日","52.17","53.14","53.24","51.63","624.06K","-1.58%"
"2017年2月6日","53.01","53.81","54.13","52.91","425.09K","-1.52%"
"2017年2月3日","53.83","53.68","54.22","53.40","462.62K","0.54%"
"2017年2月2日","53.54","53.57","54.34","53.35","492.55K","-0.63%"
"2017年2月1日","53.88","52.76","53.91","52.64","577.24K","2.03%"
"2017年1月31日","52.81","52.60","53.56","52.24","586.68K","0.34%"
"2017年1月30日","52.63","53.15","53.46","52.41","486.31K","-1.02%"
"2017年1月27日","53.17","53.74","54.08","52.58","495.56K","-1.13%"
"2017年1月26日","53.78","52.96","54.06","52.79","578.07K","1.95%"
"2017年1月25日","52.75","52.95","53.47","52.56","589.71K","-0.81%"
"2017年1月24日","53.18","52.86","53.56","52.67","520.29K","0.82%"
"2017年1月23日","52.75","53.33","53.47","52.21","455.33K","0.63%"
"2017年1月20日","52.42","51.45","52.90","51.39","-","2.04%"
"2017年1月19日","51.37","51.39","51.87","51.02","122.59K","0.57%"
"2017年1月18日","51.08","52.52","52.79","50.91","236.24K","-2.67%"
"2017年1月17日","52.48","52.55","53.52","52.12","606.02K","-0.08%"
"2017年1月16日","52.52","52.46","52.72","52.13","-","0.13%"
"2017年1月15日","52.45","52.53","52.56","52.39","-","0.15%"
"2017年1月13日","52.37","53.05","53.17","52.27","477.99K","-1.21%"
"2017年1月12日","53.01","52.37","53.50","52.12","660.70K","1.45%"
"2017年1月11日","52.25","50.81","52.78","50.75","815.85K","2.81%"
"2017年1月10日","50.82","51.83","52.37","50.71","632.57K","-2.19%"
"2017年1月9日","51.96","53.75","53.83","51.76","564.89K","-3.76%"
"2017年1月6日","53.99","53.73","54.32","53.32","528.33K","0.43%"
"2017年1月5日","53.76","53.39","54.12","52.79","517.36K","0.94%"
"2017年1月4日","53.26","52.49","53.43","52.15","512.64K","1.78%"
"2017年1月3日","52.33","54.20","55.24","52.11","727.79K","-3.15%"
"2017年1月2日","54.03","54.09","54.18","54.01","-","0.58%"
"2016年12月30日","53.72","53.87","54.09","53.41","271.09K","-0.09%"
"2016年12月29日","53.77","53.66","54.21","53.46","360.19K","-0.54%"
"2016年12月28日","54.06","53.93","54.37","53.56","322.54K","0.30%"
"2016年12月27日","53.90","53.29","54.10","53.03","277.31K","1.33%"
"2016年12月26日","53.19","53.33","53.34","53.14","-","0.32%"
"2016年12月23日","53.02","52.68","53.28","52.26","285.17K","0.13%"
"2016年12月22日","52.95","52.52","53.19","52.08","393.49K","0.88%"
"2016年12月21日","52.49","53.56","53.79","52.32","471.99K","0.50%"
"2016年12月20日","52.23","52.11","52.70","51.85","26.17K","0.21%"
"2016年12月19日","52.12","52.15","52.52","51.51","129.99K","0.42%"
"2016年12月16日","51.90","51.10","52.08","50.50","252.57K","1.96%"
"2016年12月15日","50.90","50.79","51.48","49.95","551.76K","-0.27%"
"2016年12月14日","51.04","52.45","52.78","50.67","677.96K","-3.66%"
"2016年12月13日","52.98","52.51","53.41","52.35","638.40K","0.28%"
"2016年12月12日","52.83","52.58","54.51","52.18","847.03K","2.58%"
"2016年12月9日","51.50","50.92","51.66","50.86","652.04K","1.30%"
"2016年12月8日","50.84","49.88","50.98","49.61","780.06K","2.15%"
"2016年12月7日","49.77","50.93","51.20","49.72","816.88K","-2.28%"
"2016年12月6日","50.93","50.97","51.60","50.28","642.75K","-1.66%"
"2016年12月5日","51.79","51.46","52.42","50.93","600.78K","0.21%"
"2016年12月2日","51.68","51.01","51.73","50.18","667.10K","1.21%"
"2016年12月1日","51.06","49.07","51.80","48.98","974.81K","3.28%"
"2016年11月30日","49.44","45.24","49.90","45.22","1.31M","9.31%"
"2016年11月29日","45.23","46.88","46.98","44.82","732.82K","-3.93%"
"2016年11月28日","47.08","45.43","47.65","45.14","734.38K","2.21%"
"2016年11月25日","46.06","47.97","48.26","45.88","465.98K","-4.00%"
"2016年11月24日","47.98","48.03","48.26","47.80","-","0.04%"
"2016年11月23日","47.96","47.94","48.43","47.40","556.86K","-0.15%"
"2016年11月22日","48.03","48.37","49.20","47.17","826.21K","1.14%"
"2016年11月21日","47.49","45.83","47.80","45.77","34.92K","3.94%"
"2016年11月18日","45.69","44.93","45.77","44.55","155.65K","0.59%"
"2016年11月17日","45.42","45.37","46.58","44.88","284.87K","-0.33%"
"2016年11月16日","45.57","45.77","46.41","45.03","658.17K","-0.52%"
"2016年11月15日","45.81","43.76","46.09","43.55","706.18K","5.75%"
"2016年11月14日","43.32","43.20","43.81","42.20","704.77K","-0.21%"
"2016年11月11日","43.41","44.35","44.63","43.03","631.14K","-2.80%"
"2016年11月10日","44.66","45.31","45.64","44.25","686.34K","-1.35%"
"2016年11月9日","45.27","44.82","45.95","43.07","946.51K","0.64%"
"2016年11月8日","44.98","44.97","45.39","44.41","669.64K","0.20%"
"2016年11月7日","44.89","44.45","45.01","44.11","605.73K","1.86%"
"2016年11月4日","44.07","44.63","44.87","43.57","736.69K","-1.32%"
"2016年11月3日","44.66","45.48","45.90","44.37","540.44K","-1.50%"
"2016年11月2日","45.34","46.32","46.47","44.96","674.32K","-2.85%"
"2016年11月1日","46.67","46.77","47.35","46.20","834.99K","-0.41%"
"2016年10月31日","46.86","48.25","48.74","46.63","649.24K","-3.78%"
"2016年10月28日","48.70","49.61","49.81","48.42","550.08K","-2.05%"
"2016年10月27日","49.72","49.22","50.06","49.00","543.17K","1.10%"
"2016年10月26日","49.18","49.31","50.10","48.87","679.32K","-1.56%"
"2016年10月25日","49.96","50.49","50.93","49.27","553.78K","-1.11%"
"2016年10月24日","50.52","50.85","50.98","49.62","623.40K","-0.65%"
"2016年10月21日","50.85","50.66","51.02","50.21","551.30K","0.83%"
"2016年10月20日","50.43","51.40","51.58","50.25","24.86K","-2.27%"
"2016年10月19日","51.60","50.77","51.93","50.69","132.43K","2.60%"
"2016年10月18日","50.29","50.04","50.78","49.76","192.80K","0.70%"
"2016年10月17日","49.94","50.23","50.58","49.47","418.72K","-0.81%"
"2016年10月14日","50.35","50.58","51.14","49.90","519.43K","-0.18%"
"2016年10月13日","50.44","50.00","50.59","49.36","740.68K","0.52%"
"2016年10月12日","50.18","50.84","51.17","49.89","533.88K","-1.20%"
"2016年10月11日","50.79","51.10","51.54","50.39","765.61K","-1.09%"
"2016年10月10日","51.35","49.57","51.60","49.15","686.07K","3.09%"
"2016年10月7日","49.81","50.59","50.74","49.40","618.81K","-1.25%"
"2016年10月6日","50.44","49.65","50.63","49.33","547.92K","1.22%"
"2016年10月5日","49.83","49.26","49.97","49.10","520.07K","2.34%"
"2016年10月4日","48.69","48.65","49.26","48.26","513.71K","-0.25%"
"2016年10月3日","48.81","48.04","49.02","47.78","458.02K","1.18%"
"2016年9月30日","48.24","47.76","48.30","47.04","496.52K","0.86%"
"2016年9月29日","47.83","47.20","48.32","46.60","702.65K","1.66%"
"2016年9月28日","47.05","44.96","47.45","44.35","1.01M","5.33%"
"2016年9月27日","44.67","45.62","45.96","44.19","630.76K","-2.74%"
"2016年9月26日","45.93","44.62","46.20","44.43","527.12K","3.26%"
"2016年9月23日","44.48","46.07","46.55","44.22","718.40K","-3.97%"
"2016年9月22日","46.32","45.62","46.52","45.52","521.68K","2.16%"
"2016年9月21日","45.34","44.50","45.65","44.50","585.99K","4.37%"
"2016年9月20日","43.44","43.13","44.05","42.55","37.38K","0.32%"
"2016年9月19日","43.30","43.18","44.15","43.12","129.86K","0.63%"
"2016年9月16日","43.03","43.71","43.75","42.74","231.19K","-2.00%"
"2016年9月15日","43.91","43.70","44.34","43.26","537.19K","0.76%"
"2016年9月14日","43.58","45.00","45.33","43.42","705.86K","-2.94%"
"2016年9月13日","44.90","46.06","46.13","44.77","657.78K","-3.00%"
"2016年9月12日","46.29","45.57","46.51","44.72","745.02K","0.89%"
"2016年9月9日","45.88","47.36","47.36","45.56","688.19K","-3.65%"
"2016年9月8日","47.62","46.12","47.75","45.77","761.94K","4.66%"
"2016年9月7日","45.50","44.85","46.17","44.55","572.88K","1.49%"
"2016年9月6日","44.83","44.15","46.53","43.84","932.15K","-0.53%"
"2016年9月5日","45.07","44.12","46.53","44.07","-","2.18%"
"2016年9月4日","44.11","44.15","44.38","44.10","-","-0.74%"
"2016年9月2日","44.44","43.55","44.67","43.16","576.92K","2.97%"
"2016年9月1日","43.16","44.85","45.08","43.00","605.00K","-3.45%"
"2016年8月31日","44.70","46.24","46.41","44.51","549.01K","-3.56%"
"2016年8月30日","46.35","46.98","47.49","46.21","464.45K","-1.34%"
"2016年8月29日","46.98","47.22","47.28","46.62","309.25K","-1.39%"
"2016年8月26日","47.64","47.37","48.46","46.94","558.34K","0.65%"
"2016年8月25日","47.33","46.80","47.46","46.42","458.82K","1.20%"
"2016年8月24日","46.77","47.59","47.74","46.45","603.50K","-2.77%"
"2016年8月23日","48.10","47.39","48.32","46.59","623.90K","2.23%"
"2016年8月22日","47.05","48.40","48.40","46.75","36.53K","-3.03%"
"2016年8月19日","48.52","48.33","48.75","47.93","162.44K","0.62%"
"2016年8月18日","48.22","46.90","48.38","46.63","229.28K","3.06%"
"2016年8月17日","46.79","46.37","46.95","45.84","563.35K","0.45%"
"2016年8月16日","46.58","45.59","46.73","45.34","550.44K","1.84%"
"2016年8月15日","45.74","44.74","45.93","44.38","522.53K","2.81%"
"2016年8月12日","44.49","43.46","44.78","43.31","536.08K","2.30%"
"2016年8月11日","43.49","41.48","43.86","41.10","682.24K","4.27%"
"2016年8月10日","41.71","42.74","43.39","41.42","676.15K","-2.48%"
"2016年8月9日","42.77","42.83","43.52","42.47","624.70K","-0.58%"
"2016年8月8日","43.02","41.99","43.39","41.81","562.53K","2.92%"
"2016年8月5日","41.80","41.84","42.10","41.06","550.19K","-0.31%"
"2016年8月4日","41.93","41.16","42.08","40.43","598.84K","2.69%"
"2016年8月3日","40.83","39.70","41.20","39.19","655.19K","3.34%"
"2016年8月2日","39.51","40.08","40.91","39.26","534.51K","-1.37%"
"2016年8月1日","40.06","41.35","41.88","39.82","533.02K","-3.70%"
"2016年7月29日","41.60","41.12","41.67","40.57","478.76K","1.12%"
"2016年7月28日","41.14","41.93","42.22","41.04","447.91K","-1.86%"
"2016年7月27日","41.92","42.66","43.20","41.68","537.39K","-2.33%"
"2016年7月26日","42.92","43.07","43.39","42.36","461.32K","-0.49%"
"2016年7月25日","43.13","44.20","44.37","42.97","389.84K","-2.40%"
"2016年7月22日","44.19","44.60","44.97","43.74","428.41K","-1.25%"
"2016年7月21日","44.75","45.65","46.09","44.52","432.97K","-0.42%"
"2016年7月20日","44.94","44.59","45.25","43.69","29.39K","0.65%"
"2016年7月19日","44.65","45.23","45.67","44.53","128.13K","-1.30%"
"2016年7月18日","45.24","46.12","46.14","44.86","211.39K","-1.55%"
"2016年7月15日","45.95","45.52","46.33","45.05","430.26K","0.59%"
"2016年7月14日","45.68","45.14","45.80","44.95","573.76K","2.08%"
"2016年7月13日","44.75","46.58","46.71","44.56","686.25K","-4.38%"
"2016年7月12日","46.80","44.58","46.93","44.51","658.26K","4.56%"
"2016年7月11日","44.76","45.07","45.77","44.42","533.66K","-1.43%"
"2016年7月8日","45.41","45.19","45.97","44.77","583.08K","0.60%"
"2016年7月7日","45.14","47.88","48.25","44.87","710.89K","-4.83%"
"2016年7月6日","47.43","46.83","47.95","45.92","607.66K","1.78%"
"2016年7月5日","46.60","49.11","49.35","46.33","609.19K","-4.21%"
"2016年7月4日","48.65","49.01","49.35","48.54","-","-0.73%"
"2016年7月3日","49.01","49.14","49.22","48.94","-","0.04%"
"2016年7月1日","48.99","48.38","49.30","47.90","405.19K","1.37%"
"2016年6月30日","48.33","49.55","49.62","48.17","508.74K","-3.11%"
"2016年6月29日","49.88","48.06","50.00","47.98","511.48K","4.24%"
"2016年6月28日","47.85","46.59","48.18","46.54","498.85K","3.28%"
"2016年6月27日","46.33","47.81","47.96","45.83","504.61K","-2.75%"
"2016年6月24日","47.64","50.30","50.45","46.70","649.45K","-4.93%"
"2016年6月23日","50.11","49.08","50.23","49.08","401.89K","1.99%"
"2016年6月22日","49.13","50.22","50.54","48.40","569.94K","0.57%"
"2016年6月21日","48.85","49.14","49.32","48.16","30.11K","-1.05%"
"2016年6月20日","49.37","48.29","49.42","48.14","98.29K","2.90%"
"2016年6月17日","47.98","45.99","48.29","45.83","226.65K","3.83%"
"2016年6月16日","46.21","47.45","47.75","45.91","507.91K","-3.75%"
"2016年6月15日","48.01","47.90","48.72","47.28","527.87K","-0.99%"
"2016年6月14日","48.49","48.52","48.69","47.84","456.14K","-0.80%"
"2016年6月13日","48.88","48.85","49.28","48.16","506.04K","-0.39%"
"2016年6月10日","49.07","50.47","50.73","48.80","596.12K","-2.95%"
"2016年6月9日","50.56","51.45","51.67","50.23","560.72K","-1.31%"
"2016年6月8日","51.23","50.41","51.62","50.32","656.42K","1.73%"
"2016年6月7日","50.36","49.71","50.53","49.44","542.25K","1.35%"
"2016年6月6日","49.69","48.88","49.90","48.71","450.47K","2.20%"
"2016年6月3日","48.62","49.04","49.41","48.33","481.03K","-1.12%"
"2016年6月2日","49.17","48.90","49.47","47.97","564.85K","0.33%"
"2016年6月1日","49.01","48.82","49.25","47.75","568.84K","-0.18%"
"2016年5月31日","49.10","49.54","50.10","48.81","476.99K","-0.83%"
"2016年5月30日","49.51","49.56","49.75","49.08","-","-0.14%"
"2016年5月29日","49.58","49.54","49.71","49.54","-","0.51%"
"2016年5月27日","49.33","49.31","49.60","48.69","406.39K","-0.30%"
"2016年5月26日","49.48","49.70","50.21","49.22","488.47K","-0.16%"
"2016年5月25日","49.56","49.09","49.75","48.65","550.50K","1.93%"
"2016年5月24日","48.62","48.08","49.27","47.64","475.97K","1.12%"
"2016年5月23日","48.08","48.46","48.50","47.40","475.45K","0.69%"
"2016年5月20日","47.75","48.20","48.79","47.44","28.52K","-0.85%"
"2016年5月19日","48.16","47.87","48.28","46.73","108.82K","-0.06%"
"2016年5月18日","48.19","48.53","48.95","47.75","343.18K","-0.25%"
"2016年5月17日","48.31","47.90","48.76","47.53","470.44K","1.24%"
"2016年5月16日","47.72","46.28","47.98","46.15","550.86K","3.27%"
"2016年5月13日","46.21","46.41","46.49","45.75","519.36K","-1.05%"
"2016年5月12日","46.70","46.00","47.02","45.61","715.10K","1.02%"
"2016年5月11日","46.23","44.60","46.36","43.96","869.96K","3.52%"
"2016年5月10日","44.66","43.25","44.79","43.03","709.42K","2.81%"
"2016年5月9日","43.44","45.00","45.94","43.24","767.57K","-2.73%"
"2016年5月6日","44.66","44.52","45.34","43.54","695.31K","0.77%"
"2016年5月5日","44.32","44.04","46.07","43.96","746.16K","1.23%"
"2016年5月4日","43.78","43.85","44.88","43.22","711.13K","0.30%"
"2016年5月3日","43.65","44.92","45.35","43.32","625.55K","-2.52%"
"2016年5月2日","44.78","45.90","46.15","44.54","464.03K","-2.48%"
"2016年4月29日","45.92","45.90","46.78","45.24","598.44K","-0.24%"
"2016年4月28日","46.03","45.30","46.14","44.94","487.41K","1.54%"
"2016年4月27日","45.33","44.64","45.62","43.77","648.03K","2.93%"
"2016年4月26日","44.04","42.96","44.83","42.50","564.39K","3.28%"
"2016年4月25日","42.64","43.75","44.04","42.58","606.38K","-2.49%"
"2016年4月22日","43.73","43.42","44.45","43.11","575.11K","1.27%"
"2016年4月21日","43.18","43.97","44.49","43.05","671.10K","1.29%"
"2016年4月20日","42.63","40.80","42.91","39.85","30.09K","3.77%"
"2016年4月19日","41.08","40.04","41.53","39.58","101.73K","3.27%"
"2016年4月18日","39.78","38.75","40.24","37.61","342.46K","-1.44%"
"2016年4月15日","40.36","41.43","41.73","39.98","520.15K","-2.75%"
"2016年4月14日","41.50","41.54","42.16","40.84","488.61K","-0.62%"
"2016年4月13日","41.76","41.63","42.42","41.24","730.44K","-0.97%"
"2016年4月12日","42.17","40.35","42.25","40.09","796.84K","4.48%"
"2016年4月11日","40.36","39.72","40.75","39.25","679.35K","1.61%"
"2016年4月8日","39.72","37.52","39.84","37.45","817.23K","6.60%"
"2016年4月7日","37.26","37.76","38.30","36.69","626.75K","-1.30%"
"2016年4月6日","37.75","36.52","37.90","36.43","751.05K","5.18%"
"2016年4月5日","35.89","35.50","36.58","35.24","485.54K","0.53%"
"2016年4月4日","35.70","36.61","37.21","35.46","549.48K","-2.96%"
"2016年4月1日","36.79","38.14","38.56","36.63","547.19K","-4.04%"
"2016年3月31日","38.34","38.30","39.04","37.57","532.15K","0.05%"
"2016年3月30日","38.32","38.52","39.85","38.14","542.47K","0.10%"
"2016年3月29日","38.28","39.32","39.48","37.91","488.03K","-2.82%"
"2016年3月28日","39.39","39.55","40.14","38.86","299.78K","-0.18%"
"2016年3月24日","39.46","39.73","39.77","38.33","495.17K","-0.83%"
"2016年3月23日","39.79","41.19","41.34","39.67","492.00K","-4.00%"
"2016年3月22日","41.45","41.59","41.90","40.77","463.69K","3.86%"
"2016年3月21日","39.91","39.06","40.30","38.61","31.92K","1.19%"
"2016年3月18日","39.44","40.25","41.20","39.15","130.15K","-1.89%"
"2016年3月17日","40.20","38.59","40.36","38.47","298.01K","4.52%"
"2016年3月16日","38.46","36.74","38.63","36.61","494.17K","5.83%"
"2016年3月15日","36.34","37.37","37.40","35.96","446.10K","-2.26%"
"2016年3月14日","37.18","38.17","38.77","36.68","489.94K","-3.43%"
"2016年3月11日","38.50","37.99","39.02","37.92","564.79K","1.74%"
"2016年3月10日","37.84","38.17","38.48","37.21","701.44K","-1.18%"
"2016年3月9日","38.29","36.36","38.51","36.24","740.63K","4.90%"
"2016年3月8日","36.50","37.94","38.39","36.12","706.93K","-3.69%"
"2016年3月7日","37.90","36.20","38.11","36.09","709.87K","5.51%"
"2016年3月4日","35.92","34.66","36.34","34.40","578.29K","3.91%"
"2016年3月3日","34.57","34.73","35.32","34.19","512.96K","-0.26%"
"2016年3月2日","34.66","33.89","35.17","33.55","597.83K","0.76%"
"2016年3月1日","34.40","33.90","34.76","33.37","566.23K","1.93%"
"2016年2月29日","33.75","32.72","33.98","32.32","512.47K","2.96%"
"2016年2月26日","32.78","33.04","34.69","32.64","646.29K","-0.88%"
"2016年2月25日","33.07","32.19","33.49","31.07","611.87K","2.86%"
"2016年2月24日","32.15","31.28","32.40","30.56","652.25K","0.88%"
"2016年2月23日","31.87","33.34","33.53","31.22","539.38K","1.24%"
"2016年2月22日","31.48","29.72","32.05","29.48","26.32K","6.21%"
"2016年2月19日","29.64","30.60","30.73","29.05","103.20K","-3.67%"
"2016年2月18日","30.77","31.35","31.98","30.27","225.50K","0.36%"
"2016年2月17日","30.66","29.14","31.49","28.73","578.64K","5.58%"
"2016年2月16日","29.04","29.08","31.53","28.70","651.96K","-5.11%"
"2016年2月15日","30.60","29.08","30.69","28.97","-","5.26%"
"2016年2月14日","29.08","29.06","29.18","28.97","-","-1.24%"
"2016年2月12日","29.44","27.30","29.66","26.95","675.16K","12.32%"
"2016年2月11日","26.21","27.34","27.48","26.05","795.97K","-4.52%"
"2016年2月10日","27.45","28.36","29.22","27.24","781.28K","-1.75%"
"2016年2月9日","27.94","30.17","30.61","27.74","738.22K","-5.89%"
"2016年2月8日","29.69","30.97","31.38","29.57","603.65K","-3.88%"
"2016年2月5日","30.89","31.64","32.45","30.63","616.53K","-2.62%"
"2016年2月4日","31.72","32.71","33.60","31.53","696.72K","-1.73%"
"2016年2月3日","32.28","29.75","32.75","29.40","811.70K","8.03%"
"2016年2月2日","29.88","31.37","31.53","29.57","602.56K","-5.50%"
"2016年2月1日","31.62","33.83","34.18","31.29","595.61K","-5.95%"
"2016年1月29日","33.62","33.70","34.40","32.65","618.11K","1.20%"
"2016年1月28日","33.22","32.19","34.82","31.74","833.38K","2.85%"
"2016年1月27日","32.30","30.55","32.84","30.14","738.55K","2.70%"
"2016年1月26日","31.45","29.81","32.41","29.25","642.43K","3.66%"
"2016年1月25日","30.34","32.05","32.74","29.68","606.89K","-5.75%"
"2016年1月22日","32.19","29.84","32.35","29.53","636.57K","9.01%"
"2016年1月21日","29.53","28.35","30.25","27.87","694.04K","11.22%"
"2016年1月20日","26.55","28.33","28.58","26.19","32.11K","-6.71%"
"2016年1月19日","28.46","29.20","30.21","28.21","188.03K","-5.21%"
"2016年1月18日","30.02","29.76","30.88","29.67","-","0.94%"
"2016年1月17日","29.75","30.68","30.68","29.36","-","1.10%"
"2016年1月15日","29.42","31.18","31.18","29.13","329.09K","-5.71%"
"2016年1月14日","31.20","30.60","31.77","30.28","537.91K","2.36%"
"2016年1月13日","30.48","30.54","31.71","30.10","637.90K","0.13%"
"2016年1月12日","30.44","31.11","32.21","29.93","627.22K","-3.09%"
"2016年1月11日","31.41","32.94","33.20","30.88","648.64K","-5.28%"
"2016年1月8日","33.16","33.30","34.34","32.64","596.50K","-0.33%"
"2016年1月7日","33.27","34.09","34.26","32.10","617.41K","-2.06%"
"2016年1月6日","33.97","36.18","36.39","33.77","563.81K","-5.56%"
"2016年1月5日","35.97","36.90","37.10","35.74","410.13K","-2.15%"
"2016年1月4日","36.76","37.60","38.39","36.33","431.99K","-0.76%"
"2015年12月31日","37.04","36.81","37.79","36.22","283.62K","1.20%"
"2015年12月30日","36.60","37.36","37.40","36.40","267.91K","-3.35%"
"2015年12月29日","37.87","36.70","37.94","36.66","241.95K","2.88%"
"2015年12月28日","36.81","38.00","38.09","36.60","220.64K","-3.39%"
"2015年12月24日","38.10","37.86","38.28","37.38","205.87K","1.60%"
"2015年12月23日","37.50","36.47","37.95","36.28","374.66K","3.76%"
"2015年12月22日","36.14","35.80","36.54","35.66","302.26K","4.03%"
"2015年12月21日","34.74","34.58","34.86","33.98","27.29K","0.03%"
"2015年12月18日","34.73","34.87","35.57","34.29","116.04K","-0.63%"
"2015年12月17日","34.95","35.80","35.84","34.63","196.23K","-1.60%"
"2015年12月16日","35.52","36.79","37.35","35.29","402.97K","-4.90%"
"2015年12月15日","37.35","36.32","37.88","36.03","474.16K","2.86%"
"2015年12月14日","36.31","35.40","36.70","34.53","550.48K","1.94%"
"2015年12月11日","35.62","36.63","36.84","35.16","505.41K","-3.10%"
"2015年12月10日","36.76","37.27","37.54","36.38","513.94K","-1.08%"
"2015年12月9日","37.16","37.86","38.99","36.87","646.17K","-0.93%"
"2015年12月8日","37.51","37.68","38.58","36.64","767.18K","-0.37%"
"2015年12月7日","37.65","40.10","40.15","37.50","635.41K","-5.80%"
"2015年12月4日","39.97","41.31","42.00","39.60","510.76K","-2.70%"
"2015年12月3日","41.08","40.15","41.78","40.07","496.88K","2.85%"
"2015年12月2日","39.94","41.69","41.97","39.84","545.29K","-4.56%"
"2015年12月1日","41.85","41.73","42.23","41.17","415.54K","0.48%"
"2015年11月30日","41.65","41.77","42.61","41.50","369.51K","-0.14%"
"2015年11月27日","41.71","43.25","43.30","41.67","316.48K","-2.07%"
"2015年11月26日","42.59","43.08","43.29","42.30","-","-1.05%"
"2015年11月25日","43.04","42.69","43.25","41.72","383.16K","0.40%"
"2015年11月24日","42.87","42.04","43.46","41.86","430.30K","2.68%"
"2015年11月23日","41.75","41.49","42.75","40.41","516.19K","3.37%"
"2015年11月20日","40.39","40.54","40.99","38.99","33.71K","-0.37%"
"2015年11月19日","40.54","40.72","41.05","39.89","131.36K","-0.52%"
"2015年11月18日","40.75","41.11","41.55","39.91","251.52K","0.20%"
"2015年11月17日","40.67","41.96","42.03","40.58","363.71K","-2.56%"
"2015年11月16日","41.74","40.92","42.25","40.06","535.18K","2.45%"
"2015年11月13日","40.74","41.61","42.21","40.22","480.89K","-2.42%"
"2015年11月12日","41.75","43.05","43.33","41.54","545.35K","-2.75%"
"2015年11月11日","42.93","43.63","44.11","42.62","502.37K","-2.90%"
"2015年11月10日","44.21","44.10","44.76","43.57","445.97K","0.78%"
"2015年11月9日","43.87","44.52","45.12","43.64","487.99K","-0.95%"
"2015年11月6日","44.29","45.41","45.64","44.11","448.13K","-2.01%"
"2015年11月5日","45.20","46.57","46.65","45.12","437.65K","-2.42%"
"2015年11月4日","46.32","47.74","48.28","46.17","459.31K","-3.30%"
"2015年11月3日","47.90","46.11","48.36","45.96","434.57K","3.81%"
"2015年11月2日","46.14","46.43","46.73","45.56","305.52K","-0.97%"
"2015年10月30日","46.59","45.74","47.03","45.48","363.31K","1.15%"
"2015年10月29日","46.06","46.06","46.79","45.16","436.51K","0.26%"
"2015年10月28日","45.94","43.44","46.22","43.06","521.52K","6.34%"
"2015年10月27日","43.20","43.78","43.91","42.58","370.83K","-1.77%"
"2015年10月26日","43.98","44.74","44.94","43.64","302.08K","-1.39%"
"2015年10月23日","44.60","45.44","45.75","44.20","406.58K","-1.72%"
"2015年10月22日","45.38","45.27","46.10","44.90","322.74K","0.40%"
"2015年10月21日","45.20","45.88","46.08","44.86","384.29K","-0.77%"
"2015年10月20日","45.55","46.25","46.52","45.23","38.95K","-0.74%"
"2015年10月19日","45.89","47.27","47.49","45.85","125.84K","-2.90%"
"2015年10月16日","47.26","46.87","47.50","46.16","198.13K","1.90%"
"2015年10月15日","46.38","46.28","47.02","45.23","370.94K","-0.56%"
"2015年10月14日","46.64","46.69","46.96","45.94","348.24K","-0.04%"
"2015年10月13日","46.66","47.46","48.43","46.44","465.39K","-0.93%"
"2015年10月12日","47.10","49.51","50.13","47.04","408.66K","-5.10%"
"2015年10月9日","49.63","49.69","50.92","49.17","508.68K","0.40%"
"2015年10月8日","49.43","48.11","50.07","47.76","509.76K","3.39%"
"2015年10月7日","47.81","49.00","49.71","47.70","547.49K","-1.48%"
"2015年10月6日","48.53","46.20","49.08","45.73","453.10K","4.91%"
"2015年10月5日","46.26","45.65","46.94","45.21","323.06K","1.58%"
"2015年10月2日","45.54","45.07","45.81","43.97","420.74K","1.79%"
"2015年10月1日","44.74","45.38","47.10","44.63","478.98K","-0.78%"
"2015年9月30日","45.09","44.92","45.85","44.68","355.85K","-0.31%"
"2015年9月29日","45.23","44.50","45.70","44.30","265.18K","1.80%"
"2015年9月28日","44.43","45.38","45.50","44.30","273.91K","-2.78%"
"2015年9月25日","45.70","45.05","46.38","44.86","338.62K","1.76%"
"2015年9月24日","44.91","44.62","45.18","43.71","371.98K","0.97%"
"2015年9月23日","44.48","46.54","47.15","44.41","411.96K","-2.95%"
"2015年9月22日","45.83","46.45","46.48","45.14","29.99K","-1.82%"
"2015年9月21日","46.68","44.97","46.74","44.69","104.53K","4.48%"
"2015年9月18日","44.68","46.89","47.03","44.24","211.30K","-4.73%"
"2015年9月17日","46.90","47.13","47.71","46.33","366.39K","-0.53%"
"2015年9月16日","47.15","45.16","47.35","44.82","421.98K","5.74%"
"2015年9月15日","44.59","44.11","45.25","43.92","335.95K","1.34%"
"2015年9月14日","44.00","44.78","44.97","43.59","326.27K","-1.41%"
"2015年9月11日","44.63","45.71","45.88","44.16","395.84K","-2.81%"
"2015年9月10日","45.92","44.16","46.04","43.36","498.99K","4.01%"
"2015年9月9日","44.15","45.79","46.26","44.05","422.74K","-3.90%"
"2015年9月8日","45.94","45.82","46.41","44.14","508.82K","2.77%"
"2015年9月7日","44.70","45.72","45.92","44.15","-","-2.23%"
"2015年9月6日","45.72","45.72","45.87","45.61","-","-0.72%"
"2015年9月4日","46.05","46.68","47.23","45.61","385.63K","-1.50%"
"2015年9月3日","46.75","46.11","48.42","45.65","539.45K","1.08%"
"2015年9月2日","46.25","44.26","46.77","43.21","689.30K","1.85%"
"2015年9月1日","45.41","48.10","48.87","44.15","713.42K","-7.70%"
"2015年8月31日","49.20","45.00","49.33","43.60","757.50K","8.80%"
"2015年8月28日","45.22","42.68","45.90","41.78","666.33K","6.25%"
"2015年8月27日","42.56","38.96","42.86","38.95","533.68K","10.26%"
"2015年8月26日","38.60","39.69","39.86","38.52","368.72K","-1.81%"
"2015年8月25日","39.31","38.18","39.89","38.16","375.65K","2.80%"
"2015年8月24日","38.24","40.30","40.47","37.75","468.37K","-5.46%"
"2015年8月21日","40.45","41.03","41.40","39.86","377.18K","-1.68%"
"2015年8月20日","41.14","40.58","41.48","40.21","24.78K","0.83%"
"2015年8月19日","40.80","42.41","42.68","40.40","107.58K","-4.27%"
"2015年8月18日","42.62","41.88","42.90","41.43","200.19K","1.79%"
"2015年8月17日","41.87","42.18","42.69","41.64","314.28K","-1.48%"
"2015年8月14日","42.50","42.23","42.96","41.35","317.21K","0.64%"
"2015年8月13日","42.23","43.34","43.72","41.91","420.15K","-2.47%"
"2015年8月12日","43.30","43.27","43.87","42.80","492.27K","0.51%"
"2015年8月11日","43.08","44.81","45.34","42.69","538.01K","-4.18%"
"2015年8月10日","44.96","43.58","45.01","43.35","491.43K","2.48%"
"2015年8月7日","43.87","44.82","45.16","43.70","400.07K","-1.77%"
"2015年8月6日","44.66","45.16","45.27","44.20","360.98K","-1.09%"
"2015年8月5日","45.15","45.96","46.70","44.83","367.33K","-1.29%"
"2015年8月4日","45.74","45.35","46.23","45.29","285.79K","1.26%"
"2015年8月3日","45.17","46.86","46.94","45.08","371.09K","-4.14%"
"2015年7月31日","47.12","48.47","48.62","46.70","334.47K","-2.89%"
"2015年7月30日","48.52","48.83","49.36","48.34","247.66K","-0.55%"
"2015年7月29日","48.79","47.81","49.52","47.39","366.89K","1.69%"
"2015年7月28日","47.98","47.02","48.44","46.68","338.11K","1.24%"
"2015年7月27日","47.39","48.00","48.20","46.91","273.61K","-1.56%"
"2015年7月24日","48.14","48.79","49.03","47.72","278.23K","-0.64%"
"2015年7月23日","48.45","49.23","49.63","48.21","316.06K","-1.50%"
"2015年7月22日","49.19","50.71","50.71","49.04","347.99K","-2.32%"
"2015年7月21日","50.36","49.95","51.02","49.77","23.13K","0.42%"
"2015年7月20日","50.15","50.76","51.26","49.85","102.60K","-1.45%"
"2015年7月17日","50.89","50.91","51.23","50.14","203.49K","-0.04%"
"2015年7月16日","50.91","51.62","52.17","50.84","319.17K","-0.97%"
"2015年7月15日","51.41","53.40","53.50","51.21","334.56K","-3.07%"
"2015年7月14日","53.04","52.00","53.43","50.88","422.76K","1.61%"
"2015年7月13日","52.20","52.15","53.17","51.26","359.48K","-1.02%"
"2015年7月10日","52.74","52.48","53.89","51.96","349.08K","-0.08%"
"2015年7月9日","52.78","51.83","53.54","51.48","382.33K","2.19%"
"2015年7月8日","51.65","52.91","52.96","50.91","434.75K","-1.30%"
"2015年7月7日","52.33","52.75","53.43","50.58","527.27K","-0.38%"
"2015年7月6日","52.53","56.42","56.79","52.41","540.61K","-5.39%"
"2015年7月3日","55.52","56.60","56.78","55.42","-","-2.48%"
"2015年7月2日","56.93","56.87","57.95","56.50","297.05K","-0.05%"
"2015年7月1日","56.96","58.98","58.98","56.68","373.41K","-4.22%"
"2015年6月30日","59.47","58.27","59.69","57.94","282.48K","1.95%"
"2015年6月29日","58.33","58.84","59.27","58.04","286.04K","-2.18%"
"2015年6月26日","59.63","59.66","59.96","58.76","231.96K","-0.12%"
"2015年6月25日","59.70","60.22","60.46","59.43","222.34K","-0.95%"
"2015年6月24日","60.27","61.14","61.57","59.80","312.99K","-1.21%"
"2015年6月23日","61.01","60.21","61.49","59.55","336.22K","2.23%"
"2015年6月22日","59.68","59.44","60.30","58.93","26.74K","0.12%"
"2015年6月19日","59.61","60.50","60.56","58.88","116.66K","-1.39%"
"2015年6月18日","60.45","59.78","60.89","59.25","181.88K","0.88%"
"2015年6月17日","59.92","60.03","61.38","58.85","396.16K","-0.08%"
"2015年6月16日","59.97","59.60","60.37","59.42","233.94K","0.76%"
"2015年6月15日","59.52","59.90","59.98","58.73","275.19K","-0.73%"
"2015年6月12日","59.96","60.55","60.63","59.73","246.90K","-1.33%"
"2015年6月11日","60.77","61.14","61.53","60.21","352.42K","-1.07%"
"2015年6月10日","61.43","60.58","61.82","60.45","459.77K","2.14%"
"2015年6月9日","60.14","58.31","60.68","58.23","405.49K","3.44%"
"2015年6月8日","58.14","58.96","59.13","57.86","339.85K","-1.67%"
"2015年6月5日","59.13","57.99","59.23","56.83","461.02K","1.95%"
"2015年6月4日","58.00","59.57","59.94","57.83","363.35K","-2.75%"
"2015年6月3日","59.64","61.02","61.43","59.34","371.30K","-2.64%"
"2015年6月2日","61.26","60.18","61.58","60.09","344.51K","1.76%"
"2015年6月1日","60.20","60.29","60.64","59.33","292.19K","-0.17%"
"2015年5月29日","60.30","57.97","60.70","57.72","452.22K","4.54%"
"2015年5月28日","57.68","57.63","58.07","56.51","340.68K","0.30%"
"2015年5月27日","57.51","58.32","58.95","57.36","314.92K","-0.90%"
"2015年5月26日","58.03","60.05","60.25","57.71","330.13K","-3.03%"
"2015年5月25日","59.85","59.93","60.24","59.11","-","-0.12%"
"2015年5月24日","59.92","60.01","60.01","59.78","-","0.33%"
"2015年5月22日","59.72","60.66","60.80","59.35","230.31K","-1.65%"
"2015年5月21日","60.72","58.81","60.94","58.69","329.77K","2.95%"
"2015年5月20日","58.98","58.32","59.04","58.10","287.13K","3.00%"
"2015年5月19日","57.26","59.54","59.63","57.09","30.30K","-3.65%"
"2015年5月18日","59.43","59.85","60.88","59.06","144.39K","-0.44%"
"2015年5月15日","59.69","59.67","59.97","58.42","222.09K","-0.32%"
"2015年5月14日","59.88","60.10","60.84","59.36","361.43K","-1.02%"
"2015年5月13日","60.50","61.23","61.85","60.02","426.84K","-0.41%"
"2015年5月12日","60.75","59.27","61.36","59.12","397.35K","2.53%"
"2015年5月11日","59.25","59.43","59.85","58.75","332.69K","-0.24%"
"2015年5月8日","59.39","59.02","59.90","58.14","434.58K","0.76%"
"2015年5月7日","58.94","60.69","61.31","58.49","437.02K","-3.27%"
"2015年5月6日","60.93","60.72","62.58","60.54","423.58K","0.88%"
"2015年5月5日","60.40","58.95","61.10","58.63","389.74K","2.49%"
"2015年5月4日","58.93","59.30","59.73","58.45","215.05K","-0.37%"
"2015年5月1日","59.15","59.79","59.90","58.32","244.75K","-0.80%"
"2015年4月30日","59.63","58.55","59.85","58.38","340.32K","1.79%"
"2015年4月29日","58.58","56.93","59.33","56.54","411.10K","2.66%"
"2015年4月28日","57.06","56.65","57.83","56.07","281.86K","0.12%"
"2015年4月27日","56.99","57.30","57.89","56.52","250.56K","-0.28%"
"2015年4月24日","57.15","57.53","57.95","56.50","328.32K","-1.02%"
"2015年4月23日","57.74","56.28","58.41","55.76","415.57K","2.81%"
"2015年4月22日","56.16","56.34","57.19","55.73","329.63K","1.63%"
"2015年4月21日","55.26","56.41","56.91","55.01","29.60K","-1.99%"
"2015年4月20日","56.38","56.16","57.17","54.85","112.38K","1.15%"
"2015年4月17日","55.74","56.56","56.88","55.31","230.62K","-1.71%"
"2015年4月16日","56.71","55.92","57.42","55.07","413.13K","0.57%"
"2015年4月15日","56.39","53.55","56.69","53.39","508.90K","5.82%"
"2015年4月14日","53.29","52.05","53.79","51.83","431.03K","2.66%"
"2015年4月13日","51.91","51.81","53.10","51.47","375.53K","0.52%"
"2015年4月10日","51.64","50.73","51.93","50.08","395.14K","1.67%"
"2015年4月9日","50.79","51.00","52.07","50.51","449.53K","0.73%"
"2015年4月8日","50.42","53.18","53.23","50.37","552.63K","-6.60%"
"2015年4月7日","53.98","51.95","54.13","51.17","548.87K","3.53%"
"2015年4月6日","52.14","49.47","52.24","49.47","325.28K","6.11%"
"2015年4月3日","49.14","49.14","49.14","49.14","-","0.00%"
"2015年4月2日","49.14","49.59","50.27","48.11","453.39K","-1.90%"
"2015年4月1日","50.09","47.55","50.45","47.05","451.10K","5.23%"
"2015年3月31日","47.60","48.73","48.73","47.28","365.75K","-2.22%"
"2015年3月30日","48.68","48.57","49.16","47.61","355.87K","-0.39%"
"2015年3月27日","48.87","51.01","51.38","48.21","384.09K","-4.98%"
"2015年3月26日","51.43","49.02","52.48","48.73","515.28K","4.51%"
"2015年3月25日","49.21","47.72","49.46","47.00","398.80K","3.58%"
"2015年3月24日","47.51","47.46","48.56","46.67","309.55K","0.13%"
"2015年3月23日","47.45","46.41","47.61","45.33","292.42K","3.78%"
"2015年3月20日","45.72","43.99","46.53","43.31","22.46K","4.00%"
"2015年3月19日","43.96","44.60","44.71","42.75","106.91K","-1.57%"
"2015年3月18日","44.66","42.51","45.34","42.03","220.64K","2.76%"
"2015年3月17日","43.46","43.84","44.20","42.41","346.31K","-0.96%"
"2015年3月16日","43.88","44.81","45.00","42.85","367.60K","-2.14%"
"2015年3月13日","44.84","46.93","47.28","44.75","395.72K","-4.70%"
"2015年3月12日","47.05","48.44","48.76","46.86","358.38K","-2.33%"
"2015年3月11日","48.17","48.77","49.05","47.33","404.59K","-0.25%"
"2015年3月10日","48.29","50.08","50.36","48.20","395.76K","-3.42%"
"2015年3月9日","50.00","49.60","50.79","49.25","409.88K","0.79%"
"2015年3月6日","49.61","50.89","51.22","48.88","406.84K","-2.27%"
"2015年3月5日","50.76","51.62","52.40","50.61","370.95K","-1.49%"
"2015年3月4日","51.53","50.61","51.99","49.60","463.99K","2.00%"
"2015年3月3日","50.52","49.80","50.83","49.45","370.60K","1.88%"
"2015年3月2日","49.59","49.45","51.04","48.71","427.18K","-0.34%"
"2015年2月27日","49.76","48.97","49.94","48.46","399.49K","3.30%"
"2015年2月26日","48.17","51.00","51.22","47.80","459.58K","-5.53%"
"2015年2月25日","50.99","49.16","51.28","48.43","429.52K","3.47%"
"2015年2月24日","49.28","49.42","50.33","48.68","293.10K","-0.34%"
"2015年2月23日","49.45","50.75","50.99","48.67","475.38K","-1.77%"
"2015年2月20日","50.34","51.24","51.85","49.91","30.66K","-1.60%"
"2015年2月19日","51.16","50.55","52.14","49.15","125.21K","-1.88%"
"2015年2月18日","52.14","53.24","53.41","50.32","257.48K","-2.60%"
"2015年2月17日","53.53","52.75","54.15","50.81","518.80K","-0.15%"
"2015年2月16日","53.61","54.04","54.08","52.92","-","-0.82%"
"2015年2月15日","54.06","53.75","54.42","53.71","-","2.42%"
"2015年2月13日","52.78","51.35","53.43","51.03","437.07K","3.07%"
"2015年2月12日","51.21","49.42","51.60","49.14","563.66K","4.85%"
"2015年2月11日","48.84","50.98","51.14","48.05","519.27K","-2.36%"
"2015年2月10日","50.02","52.43","52.65","49.86","501.70K","-5.37%"
"2015年2月9日","52.86","52.01","53.99","51.65","536.36K","2.26%"
"2015年2月6日","51.69","50.86","53.16","50.72","584.98K","2.40%"
"2015年2月5日","50.48","48.67","52.10","47.36","596.85K","4.19%"
"2015年2月4日","48.45","51.67","52.56","47.95","577.52K","-8.67%"
"2015年2月3日","53.05","49.79","54.24","49.69","644.92K","7.02%"
"2015年2月2日","49.57","47.59","50.56","46.67","511.41K","2.76%"
"2015年1月30日","48.24","44.63","48.35","44.31","454.14K","8.33%"
"2015年1月29日","44.53","44.43","44.96","43.58","300.73K","0.18%"
"2015年1月28日","44.45","45.83","45.83","44.08","365.44K","-3.85%"
"2015年1月27日","46.23","45.13","46.55","44.81","313.14K","2.39%"
"2015年1月26日","45.15","45.20","46.41","44.35","310.64K","-0.97%"
"2015年1月23日","45.59","46.63","47.76","45.21","374.29K","-1.55%"
"2015年1月22日","46.31","47.35","49.09","45.87","426.83K","-3.08%"
"2015年1月21日","47.78","46.69","48.20","46.55","340.25K","3.00%"
"2015年1月20日","46.39","48.69","48.77","45.89","49.74K","-2.91%"
"2015年1月19日","47.78","48.84","49.19","47.64","-","-2.18%"
"2015年1月18日","48.85","48.95","49.06","48.78","-","0.32%"
"2015年1月16日","48.69","46.35","48.87","45.95","175.63K","5.28%"
"2015年1月15日","46.25","48.60","51.27","46.07","478.34K","-4.60%"
"2015年1月14日","48.48","46.16","48.91","45.01","510.25K","5.64%"
"2015年1月13日","45.89","45.69","46.79","44.20","476.54K","-0.39%"
"2015年1月12日","46.07","48.19","48.19","45.62","394.95K","-4.74%"
"2015年1月9日","48.36","48.92","49.61","47.16","421.01K","-0.88%"
"2015年1月8日","48.79","48.78","49.65","47.73","362.08K","0.29%"
"2015年1月7日","48.65","48.00","49.31","46.83","460.08K","1.50%"
"2015年1月6日","47.93","50.00","50.37","47.55","451.64K","-4.22%"
"2015年1月5日","50.04","52.61","52.73","49.68","375.78K","-5.03%"
"2015年1月2日","52.69","53.76","55.11","52.03","268.71K","-3.44%"
"2015年1月1日","54.56","53.73","54.85","53.72","-","2.43%"
"2014年12月31日","53.27","53.87","54.02","52.44","233.52K","-1.57%"
"2014年12月30日","54.12","53.72","54.32","52.70","218.56K","0.95%"
"2014年12月29日","53.61","55.05","55.74","52.90","241.38K","-2.05%"
"2014年12月26日","54.73","55.86","56.59","54.51","127.20K","-2.13%"
"2014年12月25日","55.92","55.87","56.05","55.73","-","0.14%"
"2014年12月24日","55.84","56.80","57.15","55.07","174.97K","-2.24%"
"2014年12月23日","57.12","55.39","57.56","55.06","274.00K","3.37%"
"2014年12月22日","55.26","57.75","58.53","55.13","277.32K","-2.23%"
"2014年12月19日","56.52","55.50","56.91","54.20","26.47K","4.45%"
"2014年12月18日","54.11","55.83","58.73","54.05","106.32K","-4.18%"
"2014年12月17日","56.47","55.50","58.98","54.21","351.98K","0.97%"
"2014年12月16日","55.93","55.40","57.15","53.60","518.78K","0.04%"
"2014年12月15日","55.91","57.07","58.73","55.02","424.95K","-3.29%"
"2014年12月12日","57.81","59.17","59.57","57.34","414.22K","-3.57%"
"2014年12月11日","59.95","61.12","61.68","58.96","392.49K","-1.62%"
"2014年12月10日","60.94","63.33","63.43","60.43","456.17K","-4.51%"
"2014年12月9日","63.82","63.01","64.20","62.25","322.80K","1.22%"
"2014年12月8日","63.05","65.46","65.55","62.78","330.08K","-4.24%"
"2014年12月5日","65.84","66.80","66.89","65.17","276.53K","-1.45%"
"2014年12月4日","66.81","67.40","68.22","66.09","237.01K","-0.85%"
"2014年12月3日","67.38","67.60","68.23","66.80","293.48K","0.75%"
"2014年12月2日","66.88","69.24","69.32","66.67","360.30K","-3.07%"
"2014年12月1日","69.00","66.00","69.54","63.72","504.12K","4.31%"
"2014年11月28日","66.15","73.50","73.56","65.69","552.88K","-3.50%"
"2014年11月27日","68.55","73.54","73.55","67.77","-","-6.98%"
"2014年11月26日","73.69","73.87","74.48","73.30","258.38K","-0.54%"
"2014年11月25日","74.09","75.51","76.58","73.71","294.45K","-2.23%"
"2014年11月24日","75.78","76.62","77.02","75.45","194.75K","-0.95%"
"2014年11月21日","76.51","76.29","77.83","75.62","275.32K","1.23%"
"2014年11月20日","75.58","74.25","75.76","74.17","28.25K","1.34%"
"2014年11月19日","74.58","74.23","75.40","73.88","116.28K","-0.04%"
"2014年11月18日","74.61","75.49","76.44","74.12","186.21K","-1.36%"
"2014年11月17日","75.64","75.93","76.18","74.71","279.46K","-0.24%"
"2014年11月14日","75.82","74.36","76.30","73.25","355.25K","2.17%"
"2014年11月13日","74.21","76.95","77.16","74.07","447.01K","-3.85%"
"2014年11月12日","77.18","77.50","78.08","76.63","359.95K","-0.98%"
"2014年11月11日","77.94","77.18","78.04","76.42","314.31K","0.70%"
"2014年11月10日","77.40","78.50","79.85","77.13","319.49K","-1.59%"
"2014年11月7日","78.65","77.86","79.41","77.47","306.08K","0.95%"
"2014年11月6日","77.91","78.87","78.98","77.12","292.90K","-0.98%"
"2014年11月5日","78.68","77.36","79.35","76.46","447.69K","1.93%"
"2014年11月4日","77.19","78.22","78.41","75.84","432.76K","-2.02%"
"2014年11月3日","78.78","80.59","80.98","78.08","386.05K","-2.19%"
"2014年10月31日","80.54","81.04","81.27","79.55","294.18K","-0.71%"
"2014年10月30日","81.12","81.93","82.09","80.72","270.07K","-1.31%"
"2014年10月29日","82.20","81.55","82.88","81.44","283.76K","0.96%"
"2014年10月28日","81.42","80.64","81.66","80.36","226.07K","0.52%"
"2014年10月27日","81.00","81.27","81.29","79.44","285.33K","-0.01%"
"2014年10月24日","81.01","81.95","81.95","80.36","272.51K","-1.32%"
"2014年10月23日","82.09","80.42","82.37","80.05","354.84K","1.95%"
"2014年10月22日","80.52","82.55","83.15","80.22","352.22K","-2.77%"
"2014年10月21日","82.81","82.76","84.05","82.29","23.44K","0.12%"
"2014年10月20日","82.71","83.13","83.48","81.55","83.70K","-0.05%"
"2014年10月17日","82.75","83.18","84.45","82.44","174.14K","0.06%"
"2014年10月16日","82.70","81.06","84.83","79.78","424.52K","1.12%"
"2014年10月15日","81.78","82.32","82.45","80.01","487.72K","-0.07%"
"2014年10月14日","81.84","84.98","85.60","81.32","475.83K","-4.55%"
"2014年10月13日","85.74","85.20","85.87","84.07","292.35K","-0.09%"
"2014年10月10日","85.82","84.39","86.29","83.59","396.53K","0.06%"
"2014年10月9日","85.77","87.73","87.95","84.06","345.02K","-1.76%"
"2014年10月8日","87.31","88.43","88.63","86.83","373.75K","-1.73%"
"2014年10月7日","88.85","90.45","90.57","88.38","300.11K","-1.65%"
"2014年10月6日","90.34","89.77","90.74","88.76","276.61K","0.67%"
"2014年10月3日","89.74","91.38","91.79","89.36","342.80K","-1.40%"
"2014年10月2日","91.01","90.74","91.54","88.18","449.55K","0.31%"
"2014年10月1日","90.73","91.36","92.96","90.47","389.25K","-0.47%"
"2014年9月30日","91.16","94.34","94.90","90.86","429.25K","-3.61%"
"2014年9月29日","94.57","93.35","94.64","92.74","261.25K","1.10%"
"2014年9月26日","93.54","92.47","93.86","92.23","258.89K","1.09%"
"2014年9月25日","92.53","92.89","93.54","92.05","248.85K","-0.29%"
"2014年9月24日","92.80","91.72","93.29","91.12","282.63K","1.35%"
"2014年9月23日","91.56","90.70","92.09","90.58","247.77K","0.04%"
"2014年9月22日","91.52","92.22","92.64","91.20","23.94K","-0.96%"
"2014年9月19日","92.41","92.97","93.22","91.85","92.78K","-0.71%"
"2014年9月18日","93.07","93.97","94.82","92.85","170.77K","-1.43%"
"2014年9月17日","94.42","94.71","95.06","93.74","305.83K","-0.48%"
"2014年9月16日","94.88","92.81","95.19","92.46","294.72K","2.11%"
"2014年9月15日","92.92","92.13","93.03","90.63","260.51K","0.70%"
"2014年9月12日","92.27","93.05","93.67","91.96","297.77K","-0.60%"
"2014年9月11日","92.83","91.71","93.44","90.43","403.18K","1.27%"
"2014年9月10日","91.67","92.79","93.03","91.22","295.31K","-1.16%"
"2014年9月9日","92.75","93.11","93.94","92.52","275.88K","0.10%"
"2014年9月8日","92.66","93.49","93.62","91.80","277.99K","-0.68%"
"2014年9月5日","93.29","94.57","94.99","92.86","261.39K","-1.23%"
"2014年9月4日","94.45","95.07","95.39","94.16","254.14K","-1.14%"
"2014年9月3日","95.54","93.28","95.83","93.06","294.40K","2.86%"
"2014年9月2日","92.88","95.81","95.91","92.68","320.36K","-3.08%"
"2014年9月1日","95.83","95.76","95.90","95.51","-","-0.14%"
"2014年8月29日","95.96","94.56","96.00","94.48","234.97K","1.49%"
"2014年8月28日","94.55","93.75","94.71","93.45","262.29K","0.71%"
"2014年8月27日","93.88","93.88","94.24","93.36","174.91K","0.02%"
"2014年8月26日","93.86","93.36","94.35","93.35","176.28K","0.55%"
"2014年8月25日","93.35","93.34","93.95","93.05","137.42K","-0.32%"
"2014年8月22日","93.65","93.89","94.04","92.92","191.46K","-0.33%"
"2014年8月21日","93.96","93.49","94.45","92.50","226.34K","-2.20%"
"2014年8月20日","96.07","94.70","96.47","94.70","22.89K","1.68%"
"2014年8月19日","94.48","96.56","97.05","94.26","109.04K","-2.00%"
"2014年8月18日","96.41","97.10","97.16","95.81","157.54K","-0.97%"
"2014年8月15日","97.35","95.50","97.41","95.32","269.75K","1.85%"
"2014年8月14日","95.58","97.30","97.59","95.26","350.62K","-2.06%"
"2014年8月13日","97.59","97.20","97.78","96.75","253.70K","0.23%"
"2014年8月12日","97.37","97.84","97.94","96.81","242.59K","-0.72%"
"2014年8月11日","98.08","97.54","98.58","97.37","241.49K","0.44%"
"2014年8月8日","97.65","97.64","98.45","97.15","266.01K","0.32%"
"2014年8月7日","97.34","96.89","97.72","96.55","286.53K","0.43%"
"2014年8月6日","96.92","97.62","98.13","96.69","263.60K","-0.47%"
"2014年8月5日","97.38","98.41","98.67","97.00","242.24K","-0.93%"
"2014年8月4日","98.29","97.67","98.67","97.43","204.26K","0.42%"
"2014年8月1日","97.88","97.70","98.10","97.09","274.99K","-0.30%"
"2014年7月31日","98.17","99.47","99.85","97.60","335.79K","-2.09%"
"2014年7月30日","100.27","101.03","101.67","99.42","263.97K","-0.69%"
"2014年7月29日","100.97","101.60","101.83","100.37","258.06K","-0.69%"
"2014年7月28日","101.67","101.87","102.10","100.90","197.82K","-0.41%"
"2014年7月25日","102.09","102.04","102.53","101.00","284.92K","0.02%"
"2014年7月24日","102.07","103.20","103.31","101.88","194.40K","-1.02%"
"2014年7月23日","103.12","101.96","103.34","101.79","260.65K","-1.24%"
"2014年7月22日","104.42","104.58","105.25","103.89","43.19K","-0.16%"
"2014年7月21日","104.59","102.97","104.99","102.65","126.99K","1.42%"
"2014年7月18日","103.13","103.72","103.94","102.58","172.53K","-0.06%"
"2014年7月17日","103.19","101.49","103.90","101.27","342.87K","1.97%"
"2014年7月16日","101.20","100.21","101.60","100.07","240.20K","1.24%"
"2014年7月15日","99.96","100.93","101.06","99.01","331.20K","-0.94%"
"2014年7月14日","100.91","100.46","101.20","100.22","252.68K","0.08%"
"2014年7月11日","100.83","102.86","102.92","100.44","272.55K","-2.04%"
"2014年7月10日","102.93","101.95","103.00","101.55","238.08K","0.63%"
"2014年7月9日","102.29","103.45","103.60","101.85","250.99K","-1.07%"
"2014年7月8日","103.40","103.39","104.20","103.01","249.38K","-0.13%"
"2014年7月7日","103.53","104.06","104.09","103.19","189.25K","-0.22%"
"2014年7月4日","103.76","104.11","104.13","103.64","-","-0.29%"
"2014年7月3日","104.06","104.27","104.29","103.67","169.94K","-0.40%"
"2014年7月2日","104.48","105.21","105.53","104.10","240.07K","-0.82%"
"2014年7月1日","105.34","105.44","106.09","104.60","221.69K","-0.03%"
"2014年6月30日","105.37","105.69","105.76","104.66","215.33K","-0.35%"
"2014年6月27日","105.74","105.64","106.19","105.33","128.98K","-0.09%"
"2014年6月26日","105.84","106.71","106.81","105.03","195.72K","-0.62%"
"2014年6月25日","106.50","106.14","107.50","105.47","249.06K","0.44%"
"2014年6月24日","106.03","106.02","106.46","105.25","175.21K","-0.13%"
"2014年6月23日","106.17","107.42","107.45","105.91","175.47K","-1.02%"
"2014年6月20日","107.26","106.60","107.73","106.33","31.67K","0.78%"
"2014年6月19日","106.43","106.11","106.70","105.32","123.12K","0.43%"
"2014年6月18日","105.97","106.60","106.97","105.80","176.26K","-0.37%"
"2014年6月17日","106.36","106.59","107.18","106.01","252.97K","-0.51%"
"2014年6月16日","106.90","106.88","107.54","106.57","204.79K","-0.01%"
"2014年6月13日","106.91","106.84","107.68","106.37","255.39K","0.36%"
"2014年6月12日","106.53","104.47","106.95","104.35","321.50K","2.04%"
"2014年6月11日","104.40","104.30","104.81","104.17","187.73K","0.05%"
"2014年6月10日","104.35","104.46","105.06","103.98","255.60K","-0.06%"
"2014年6月9日","104.41","102.78","104.57","102.62","246.72K","1.70%"
"2014年6月6日","102.66","102.44","103.07","102.30","197.76K","0.18%"
"2014年6月5日","102.48","102.37","102.69","101.60","200.40K","-0.16%"
"2014年6月4日","102.64","102.79","103.69","102.34","208.54K","-0.02%"
"2014年6月3日","102.66","102.44","102.86","102.23","160.21K","0.19%"
"2014年6月2日","102.47","102.92","103.35","102.10","159.04K","-0.23%"
"2014年5月30日","102.71","103.51","103.56","102.40","169.73K","-0.84%"
"2014年5月29日","103.58","103.06","103.94","102.61","205.51K","0.84%"
"2014年5月28日","102.72","104.14","104.39","102.64","239.13K","-1.34%"
"2014年5月27日","104.11","104.34","104.50","103.57","174.39K","-0.16%"
"2014年5月26日","104.28","104.20","104.38","103.93","-","-0.07%"
"2014年5月23日","104.35","103.71","104.50","103.64","160.56K","0.59%"
"2014年5月22日","103.74","103.85","104.22","103.55","159.18K","-0.32%"
"2014年5月21日","104.07","102.96","104.29","102.78","272.13K","1.59%"
"2014年5月20日","102.44","102.60","102.86","102.10","48.32K","-0.17%"
"2014年5月19日","102.61","102.13","103.09","101.97","121.11K","0.58%"
"2014年5月16日","102.02","101.56","102.23","101.39","147.90K","0.51%"
"2014年5月15日","101.50","102.03","102.26","101.27","276.06K","-0.85%"
"2014年5月14日","102.37","101.91","102.65","101.83","234.48K","0.66%"
"2014年5月13日","101.70","100.63","102.05","100.36","253.59K","1.10%"
"2014年5月12日","100.59","100.12","100.93","99.93","211.65K","0.60%"
"2014年5月9日","99.99","100.27","101.18","99.71","271.34K","-0.27%"
"2014年5月8日","100.26","100.82","100.93","99.87","252.61K","-0.51%"
"2014年5月7日","100.77","99.83","100.99","99.78","291.27K","1.28%"
"2014年5月6日","99.50","99.38","100.42","99.32","251.21K","0.02%"
"2014年5月5日","99.48","99.96","100.44","98.91","190.00K","-0.28%"
"2014年5月2日","99.76","99.17","100.14","99.17","213.63K","0.34%"
"2014年5月1日","99.42","99.72","99.89","98.74","235.46K","-0.32%"
"2014年4月30日","99.74","100.76","100.76","99.35","282.98K","-1.52%"
"2014年4月29日","101.28","100.89","102.20","100.71","218.69K","0.44%"
"2014年4月28日","100.84","100.49","101.52","100.33","231.59K","0.24%"
"2014年4月25日","100.60","101.93","102.05","100.48","221.60K","-1.31%"
"2014年4月24日","101.94","101.54","102.35","101.40","202.28K","0.49%"
"2014年4月23日","101.44","101.86","102.08","101.20","250.65K","-0.68%"
"2014年4月22日","102.13","104.36","104.36","101.69","46.49K","-2.15%"
"2014年4月21日","104.37","104.54","104.77","103.85","115.10K","0.07%"
"2014年4月17日","104.30","103.84","104.78","103.54","191.34K","0.52%"
"2014年4月16日","103.76","103.76","104.99","103.12","279.39K","0.01%"
"2014年4月15日","103.75","103.60","104.05","102.91","215.85K","-0.29%"
"2014年4月14日","104.05","103.56","104.55","103.34","237.21K","0.30%"
"2014年4月11日","103.74","103.34","104.44","103.01","261.92K","0.33%"
"2014年4月10日","103.40","103.44","103.81","103.10","222.17K","-0.19%"
"2014年4月9日","103.60","102.35","103.77","102.03","324.66K","1.01%"
"2014年4月8日","102.56","100.69","102.71","100.68","299.55K","2.11%"
"2014年4月7日","100.44","100.91","101.32","99.92","254.88K","-0.69%"
"2014年4月4日","101.14","100.38","101.63","100.28","193.53K","0.85%"
"2014年4月3日","100.29","99.29","100.49","99.07","195.43K","0.67%"
"2014年4月2日","99.62","99.64","99.83","98.86","231.60K","-0.12%"
"2014年4月1日","99.74","101.53","101.57","99.28","237.56K","-1.81%"
"2014年3月31日","101.58","101.69","101.97","100.88","167.57K","-0.09%"
"2014年3月28日","101.67","101.34","102.24","101.18","166.33K","0.39%"
"2014年3月27日","101.28","100.30","101.70","100.03","202.20K","1.02%"
"2014年3月26日","100.26","99.18","100.46","99.10","211.37K","1.08%"
"2014年3月25日","99.19","99.43","100.25","98.80","217.01K","-0.41%"
"2014年3月24日","99.60","99.49","100.29","99.05","151.71K","0.14%"
"2014年3月21日","99.46","98.59","100.25","98.25","191.29K","0.03%"
"2014年3月20日","99.43","100.39","100.82","99.08","33.88K","-0.94%"
"2014年3月19日","100.37","99.53","100.47","99.34","110.32K","0.67%"
"2014年3月18日","99.70","97.97","99.78","97.75","192.51K","1.65%"
"2014年3月17日","98.08","99.39","99.39","97.37","227.39K","-0.82%"
"2014年3月14日","98.89","98.25","99.28","98.06","226.30K","0.70%"
"2014年3月13日","98.20","98.10","98.60","97.67","268.07K","0.21%"
"2014年3月12日","97.99","99.48","99.60","97.55","416.93K","-2.04%"
"2014年3月11日","100.03","100.94","101.52","99.32","294.20K","-1.08%"
"2014年3月10日","101.12","102.75","102.82","100.85","225.29K","-1.42%"
"2014年3月7日","102.58","101.97","102.91","101.57","226.15K","1.00%"
"2014年3月6日","101.56","101.04","102.08","100.13","291.85K","0.11%"
"2014年3月5日","101.45","103.35","103.53","100.85","267.84K","-1.82%"
"2014年3月4日","103.33","104.89","104.96","102.85","210.01K","-1.52%"
"2014年3月3日","104.92","103.00","105.22","102.95","295.82K","2.27%"
"2014年2月28日","102.59","102.15","102.96","101.80","178.28K","0.19%"
"2014年2月27日","102.40","102.57","103.08","101.75","196.49K","-0.19%"
"2014年2月26日","102.59","102.04","102.90","101.58","196.52K","0.75%"
"2014年2月25日","101.83","102.80","102.84","101.02","187.22K","-0.96%"
"2014年2月24日","102.82","102.29","103.45","101.97","177.86K","0.61%"
"2014年2月21日","102.20","102.87","102.92","101.69","173.26K","-0.70%"
"2014年2月20日","102.92","103.41","103.50","102.75","36.26K","-0.38%"
"2014年2月19日","103.31","103.14","103.80","102.40","116.16K","0.86%"
"2014年2月18日","102.43","100.32","103.25","100.23","177.37K","1.83%"
"2014年2月17日","100.58","100.59","100.83","100.23","-","0.28%"
"2014年2月14日","100.30","100.34","100.47","99.43","229.78K","-0.05%"
"2014年2月13日","100.35","100.27","100.66","99.40","221.72K","-0.02%"
"2014年2月12日","100.37","100.46","101.38","100.04","318.69K","0.43%"
"2014年2月11日","99.94","99.97","100.60","99.60","233.93K","-0.12%"
"2014年2月10日","100.06","100.05","100.55","99.11","251.13K","0.18%"
"2014年2月7日","99.88","97.97","100.24","97.11","270.41K","2.09%"
"2014年2月6日","97.84","97.25","98.83","97.25","234.28K","0.47%"
"2014年2月5日","97.38","97.67","98.26","96.80","237.67K","0.20%"
"2014年2月4日","97.19","96.53","97.82","96.37","204.28K","0.79%"
"2014年2月3日","96.43","97.40","97.94","96.26","293.31K","-1.09%"
"2014年1月31日","97.49","97.97","98.39","97.10","253.46K","-0.75%"
"2014年1月30日","98.23","97.42","98.59","97.33","199.42K","0.89%"
"2014年1月29日","97.36","97.17","97.75","96.32","200.49K","-0.05%"
"2014年1月28日","97.41","95.66","97.66","95.63","206.49K","1.77%"
"2014年1月27日","95.72","96.90","97.18","95.21","235.11K","-0.95%"
"2014年1月24日","96.64","97.37","97.80","96.25","239.67K","-0.70%"
"2014年1月23日","97.32","96.69","97.84","96.41","274.08K","0.61%"
"2014年1月22日","96.73","95.20","96.89","95.12","252.35K","1.83%"
"2014年1月21日","94.99","94.00","95.23","93.43","35.63K","1.12%"
"2014年1月20日","93.93","94.31","94.31","93.66","-","-0.46%"
"2014年1月17日","94.37","94.17","94.94","93.94","119.89K","0.44%"
"2014年1月16日","93.96","94.29","94.64","93.60","165.14K","-0.22%"
"2014年1月15日","94.17","92.65","94.64","92.43","263.30K","1.71%"
"2014年1月14日","92.59","91.51","92.88","91.50","243.47K","0.86%"
"2014年1月13日","91.80","92.83","92.88","91.43","212.21K","-0.99%"
"2014年1月10日","92.72","92.30","93.38","91.99","255.99K","1.16%"
"2014年1月9日","91.66","92.58","92.93","91.24","255.78K","-0.73%"
"2014年1月8日","92.33","93.96","94.18","92.26","244.86K","-1.43%"
"2014年1月7日","93.67","93.60","94.22","93.35","177.18K","0.26%"
"2014年1月6日","93.43","94.18","94.59","93.20","189.38K","-0.56%"
"2014年1月3日","93.96","95.47","95.74","93.86","215.52K","-1.55%"
"2014年1月2日","95.44","98.50","98.97","95.34","251.25K","-3.30%"
"2014年1月1日","98.70","98.61","98.76","98.54","-","0.28%"
"2013年12月31日","98.42","99.25","99.39","98.15","113.91K","-0.88%"
"2013年12月30日","99.29","100.15","100.42","99.13","118.36K","-1.03%"
"2013年12月27日","100.32","99.63","100.75","99.37","127.20K","0.77%"
"2013年12月26日","99.55","99.20","99.70","99.05","65.67K","0.33%"
"2013年12月24日","99.22","98.62","99.30","98.53","51.88K","0.31%"
"2013年12月23日","98.91","99.20","99.31","98.64","107.27K","-0.41%"
"2013年12月20日","99.32","98.70","99.40","98.54","151.28K","0.56%"
"2013年12月19日","98.77","97.69","99.17","97.50","23.58K","0.99%"
"2013年12月18日","97.80","97.30","98.01","97.02","84.63K","0.60%"
"2013年12月17日","97.22","97.30","97.90","97.00","120.13K","-0.27%"
"2013年12月16日","97.48","96.55","97.69","96.21","187.59K","0.91%"
"2013年12月13日","96.60","97.58","97.62","96.26","233.16K","-0.92%"
"2013年12月12日","97.50","97.55","98.18","97.31","205.75K","0.06%"
"2013年12月11日","97.44","98.65","98.75","97.20","274.19K","-1.09%"
"2013年12月10日","98.51","97.25","98.74","97.24","264.84K","1.20%"
"2013年12月9日","97.34","97.66","97.97","97.10","210.09K","-0.32%"
"2013年12月6日","97.65","97.38","98.07","97.08","223.94K","0.28%"
"2013年12月5日","97.38","97.33","97.99","97.01","216.39K","0.19%"
"2013年12月4日","97.20","96.90","97.58","96.30","325.86K","1.21%"
"2013年12月3日","96.04","93.86","96.96","93.67","319.27K","2.37%"
"2013年12月2日","93.82","92.71","94.08","92.56","234.80K","1.19%"
"2013年11月29日","92.72","92.33","93.90","92.06","143.21K","0.48%"
"2013年11月28日","92.28","92.19","92.36","92.08","-","-0.03%"
"2013年11月27日","92.30","93.50","93.60","91.77","230.88K","-1.47%"
"2013年11月26日","93.68","94.21","94.69","93.43","160.18K","-0.44%"
"2013年11月25日","94.09","94.15","94.50","93.08","270.86K","-0.79%"
"2013年11月22日","94.84","95.29","95.57","94.05","257.84K","-0.63%"
"2013年11月21日","95.44","93.73","95.63","93.47","222.14K","2.26%"
"2013年11月20日","93.33","93.33","93.93","92.73","27.44K","-0.01%"
"2013年11月19日","93.34","93.00","93.46","92.43","131.46K","0.33%"
"2013年11月18日","93.03","93.78","94.30","92.72","169.44K","-0.86%"
"2013年11月15日","93.84","93.89","94.55","93.58","204.37K","0.09%"
"2013年11月14日","93.76","93.50","94.43","92.51","315.07K","-0.13%"
"2013年11月13日","93.88","93.07","94.54","92.93","305.01K","0.90%"
"2013年11月12日","93.04","95.00","95.22","92.86","353.69K","-2.21%"
"2013年11月11日","95.14","94.45","95.38","94.11","206.72K","0.57%"
"2013年11月8日","94.60","94.36","94.92","93.90","241.69K","0.42%"
"2013年11月7日","94.20","94.91","95.31","93.80","260.60K","-0.63%"
"2013年11月6日","94.80","93.74","95.40","93.65","282.72K","1.53%"
"2013年11月5日","93.37","94.47","94.90","93.07","226.45K","-1.32%"
"2013年11月4日","94.62","94.52","95.11","94.06","219.11K","0.01%"
"2013年11月1日","94.61","96.32","96.65","94.36","282.14K","-1.84%"
"2013年10月31日","96.38","96.62","97.03","96.03","255.40K","-0.40%"
"2013年10月30日","96.77","97.77","97.82","96.55","268.14K","-1.46%"
"2013年10月29日","98.20","98.54","98.57","97.69","183.24K","-0.49%"
"2013年10月28日","98.68","97.88","98.82","97.37","230.16K","0.85%"
"2013年10月25日","97.85","97.19","98.06","96.99","192.63K","0.76%"
"2013年10月24日","97.11","97.10","97.69","95.95","248.74K","0.26%"
"2013年10月23日","96.86","98.12","98.29","96.16","356.19K","-0.96%"
"2013年10月22日","97.80","99.06","99.77","97.50","30.73K","-1.43%"
"2013年10月21日","99.22","100.63","100.95","98.98","90.82K","-1.58%"